// Сгенерировано tools/gen_digit_fonts.sh (Ubuntu Medium; время: 0123456789:, температура: 0123456789-°, сетка: 0123456789, начертание сетки — по kGridDigitsBold). Не править руками.
// Гарнитура Ubuntu — Ubuntu Font Licence 1.0 (см. work/lib/EpdFont/builtinFonts/source/Ubuntu/UFL.txt).
#pragma once
/**
 * generated by fontconvert.py
 * name: calendar_time_xl
 * size: 70
 * mode: 1-bit
 * Command used: fontconvert.py calendar_time_xl 70 ../builtinFonts/source/Ubuntu/Ubuntu-Medium.ttf --characters 0123456789:
 */
#pragma once
#include "EpdFontData.h"

static const uint8_t calendar_time_xlBitmaps[8918] = {
    0x00, 0x00, 0x00, 0x0F, 0xFF, 0xE0, 0x00, 0x00, 0x00, 0x00, 0x00, 0x01, 0xFF, 0xFF, 0xFC, 0x00,
    0x00, 0x00, 0x00, 0x00, 0x0F, 0xFF, 0xFF, 0xFE, 0x00, 0x00, 0x00, 0x00, 0x00, 0x7F, 0xFF, 0xFF,
    0xFF, 0x00, 0x00, 0x00, 0x00, 0x01, 0xFF, 0xFF, 0xFF, 0xFF, 0x80, 0x00, 0x00, 0x00, 0x0F, 0xFF,
    0xFF, 0xFF, 0xFF, 0x80, 0x00, 0x00, 0x00, 0x3F, 0xFF, 0xFF, 0xFF, 0xFF, 0x80, 0x00, 0x00, 0x00,
    0xFF, 0xFF, 0xFF, 0xFF, 0xFF, 0x80, 0x00, 0x00, 0x03, 0xFF, 0xFF, 0xFF, 0xFF, 0xFF, 0x80, 0x00,
    0x00, 0x0F, 0xFF, 0xFF, 0xFF, 0xFF, 0xFF, 0x80, 0x00, 0x00, 0x3F, 0xFF, 0xFF, 0xFF, 0xFF, 0xFF,
    0x80, 0x00, 0x00, 0xFF, 0xFF, 0xFF, 0xFF, 0xFF, 0xFF, 0x80, 0x00, 0x03, 0xFF, 0xFF, 0xFF, 0xFF,
    0xFF, 0xFF, 0x80, 0x00, 0x0F, 0xFF, 0xFF, 0xFF, 0xFF, 0xFF, 0xFF, 0x80, 0x00, 0x1F, 0xFF, 0xFF,
    0xFF, 0xFF, 0xFF, 0xFF, 0x00, 0x00, 0x7F, 0xFF, 0xFF, 0xE3, 0xFF, 0xFF, 0xFF, 0x00, 0x00, 0xFF,
    0xFF, 0xFC, 0x00, 0x7F, 0xFF, 0xFE, 0x00, 0x03, 0xFF, 0xFF, 0xF0, 0x00, 0x7F, 0xFF, 0xFE, 0x00,
    0x07, 0xFF, 0xFF, 0x80, 0x00, 0x3F, 0xFF, 0xFC, 0x00, 0x1F, 0xFF, 0xFE, 0x00, 0x00, 0x7F, 0xFF,
    0xFC, 0x00, 0x3F, 0xFF, 0xFC, 0x00, 0x00, 0x7F, 0xFF, 0xF8, 0x00, 0xFF, 0xFF, 0xF0, 0x00, 0x00,
    0x7F, 0xFF, 0xF8, 0x01, 0xFF, 0xFF, 0xC0, 0x00, 0x00, 0x7F, 0xFF, 0xF0, 0x07, 0xFF, 0xFF, 0x80,
    0x00, 0x00, 0xFF, 0xFF, 0xF0, 0x0F, 0xFF, 0xFE, 0x00, 0x00, 0x00, 0xFF, 0xFF, 0xE0, 0x1F, 0xFF,
    0xFC, 0x00, 0x00, 0x01, 0xFF, 0xFF, 0xC0, 0x7F, 0xFF, 0xF0, 0x00, 0x00, 0x03, 0xFF, 0xFF, 0xC0,
    0xFF, 0xFF, 0xE0, 0x00, 0x00, 0x03, 0xFF, 0xFF, 0x81, 0xFF, 0xFF, 0xC0, 0x00, 0x00, 0x07, 0xFF,
    0xFF, 0x03, 0xFF, 0xFF, 0x00, 0x00, 0x00, 0x0F, 0xFF, 0xFE, 0x0F, 0xFF, 0xFE, 0x00, 0x00, 0x00,
    0x0F, 0xFF, 0xFE, 0x1F, 0xFF, 0xFC, 0x00, 0x00, 0x00, 0x1F, 0xFF, 0xFC, 0x3F, 0xFF, 0xF8, 0x00,
    0x00, 0x00, 0x3F, 0xFF, 0xF8, 0x7F, 0xFF, 0xE0, 0x00, 0x00, 0x00, 0x7F, 0xFF, 0xF1, 0xFF, 0xFF,
    0xC0, 0x00, 0x00, 0x00, 0x7F, 0xFF, 0xF3, 0xFF, 0xFF, 0x80, 0x00, 0x00, 0x00, 0xFF, 0xFF, 0xE7,
    0xFF, 0xFF, 0x00, 0x00, 0x00, 0x01, 0xFF, 0xFF, 0xCF, 0xFF, 0xFE, 0x00, 0x00, 0x00, 0x03, 0xFF,
    0xFF, 0x9F, 0xFF, 0xFC, 0x00, 0x00, 0x00, 0x07, 0xFF, 0xFF, 0x3F, 0xFF, 0xF8, 0x00, 0x00, 0x00,
    0x0F, 0xFF, 0xFE, 0x7F, 0xFF, 0xE0, 0x00, 0x00, 0x00, 0x1F, 0xFF, 0xFD, 0xFF, 0xFF, 0xC0, 0x00,
    0x00, 0x00, 0x1F, 0xFF, 0xFB, 0xFF, 0xFF, 0x80, 0x00, 0x00, 0x00, 0x3F, 0xFF, 0xFF, 0xFF, 0xFF,
    0x00, 0x00, 0x00, 0x00, 0x7F, 0xFF, 0xFF, 0xFF, 0xFE, 0x00, 0x00, 0x00, 0x00, 0xFF, 0xFF, 0xFF,
    0xFF, 0xFC, 0x00, 0x00, 0x00, 0x01, 0xFF, 0xFF, 0xFF, 0xFF, 0xF8, 0x00, 0x00, 0x00, 0x03, 0xFF,
    0xFF, 0xFF, 0xFF, 0xF0, 0x00, 0x00, 0x00, 0x07, 0xFF, 0xFF, 0xFF, 0xFF, 0xE0, 0x00, 0x00, 0x00,
    0x0F, 0xFF, 0xFF, 0xFF, 0xFF, 0xC0, 0x00, 0x00, 0x00, 0x1F, 0xFF, 0xFF, 0xFF, 0xFF, 0x80, 0x00,
    0x00, 0x00, 0x3F, 0xFF, 0xFF, 0xFF, 0xFF, 0x00, 0x00, 0x00, 0x00, 0x7F, 0xFF, 0xFF, 0xFF, 0xFE,
    0x00, 0x00, 0x00, 0x00, 0xFF, 0xFF, 0xFF, 0xFF, 0xFC, 0x00, 0x00, 0x00, 0x01, 0xFF, 0xFF, 0xFF,
    0xFF, 0xF8, 0x00, 0x00, 0x00, 0x03, 0xFF, 0xFF, 0xFF, 0xFF, 0xF0, 0x00, 0x00, 0x00, 0x07, 0xFF,
    0xFF, 0xFF, 0xFF, 0xE0, 0x00, 0x00, 0x00, 0x0F, 0xFF, 0xFF, 0xFF, 0xFF, 0xC0, 0x00, 0x00, 0x00,
    0x1F, 0xFF, 0xFF, 0xFF, 0xFF, 0x80, 0x00, 0x00, 0x00, 0x3F, 0xFF, 0xFF, 0xFF, 0xFF, 0x00, 0x00,
    0x00, 0x00, 0x7F, 0xFF, 0xFF, 0xFF, 0xFE, 0x00, 0x00, 0x00, 0x00, 0xFF, 0xFF, 0xFF, 0xFF, 0xFC,
    0x00, 0x00, 0x00, 0x01, 0xFF, 0xFF, 0xFF, 0xFF, 0xF8, 0x00, 0x00, 0x00, 0x03, 0xFF, 0xFF, 0xFF,
    0xFF, 0xF0, 0x00, 0x00, 0x00, 0x07, 0xFF, 0xFF, 0xFF, 0xFF, 0xE0, 0x00, 0x00, 0x00, 0x0F, 0xFF,
    0xFC, 0xFF, 0xFF, 0xC0, 0x00, 0x00, 0x00, 0x3F, 0xFF, 0xF9, 0xFF, 0xFF, 0xC0, 0x00, 0x00, 0x00,
    0x7F, 0xFF, 0xF3, 0xFF, 0xFF, 0x80, 0x00, 0x00, 0x00, 0xFF, 0xFF, 0xE7, 0xFF, 0xFF, 0x00, 0x00,
    0x00, 0x01, 0xFF, 0xFF, 0xCF, 0xFF, 0xFE, 0x00, 0x00, 0x00, 0x03, 0xFF, 0xFF, 0x9F, 0xFF, 0xFC,
    0x00, 0x00, 0x00, 0x07, 0xFF, 0xFF, 0x3F, 0xFF, 0xF8, 0x00, 0x00, 0x00, 0x0F, 0xFF, 0xFE, 0x3F,
    0xFF, 0xF0, 0x00, 0x00, 0x00, 0x3F, 0xFF, 0xF8, 0x7F, 0xFF, 0xF0, 0x00, 0x00, 0x00, 0x7F, 0xFF,
    0xF0, 0xFF, 0xFF, 0xE0, 0x00, 0x00, 0x00, 0xFF, 0xFF, 0xE1, 0xFF, 0xFF, 0xC0, 0x00, 0x00, 0x01,
    0xFF, 0xFF, 0xC3, 0xFF, 0xFF, 0x80, 0x00, 0x00, 0x07, 0xFF, 0xFF, 0x03, 0xFF, 0xFF, 0x80, 0x00,
    0x00, 0x0F, 0xFF, 0xFE, 0x07, 0xFF, 0xFF, 0x00, 0x00, 0x00, 0x1F, 0xFF, 0xFC, 0x0F, 0xFF, 0xFE,
    0x00, 0x00, 0x00, 0x7F, 0xFF, 0xF8, 0x0F, 0xFF, 0xFE, 0x00, 0x00, 0x00, 0xFF, 0xFF, 0xE0, 0x1F,
    0xFF, 0xFC, 0x00, 0x00, 0x01, 0xFF, 0xFF, 0xC0, 0x3F, 0xFF, 0xFC, 0x00, 0x00, 0x07, 0xFF, 0xFF,
    0x80, 0x3F, 0xFF, 0xF8, 0x00, 0x00, 0x0F, 0xFF, 0xFE, 0x00, 0x7F, 0xFF, 0xF8, 0x00, 0x00, 0x3F,
    0xFF, 0xFC, 0x00, 0x7F, 0xFF, 0xF8, 0x00, 0x00, 0xFF, 0xFF, 0xF0, 0x00, 0xFF, 0xFF, 0xF0, 0x00,
    0x03, 0xFF, 0xFF, 0xE0, 0x01, 0xFF, 0xFF, 0xF0, 0x00, 0x07, 0xFF, 0xFF, 0x80, 0x01, 0xFF, 0xFF,
    0xF8, 0x00, 0x3F, 0xFF, 0xFF, 0x00, 0x03, 0xFF, 0xFF, 0xF8, 0x00, 0xFF, 0xFF, 0xFC, 0x00, 0x03,
    0xFF, 0xFF, 0xFF, 0x1F, 0xFF, 0xFF, 0xF8, 0x00, 0x03, 0xFF, 0xFF, 0xFF, 0xFF, 0xFF, 0xFF, 0xE0,
    0x00, 0x07, 0xFF, 0xFF, 0xFF, 0xFF, 0xFF, 0xFF, 0xC0, 0x00, 0x07, 0xFF, 0xFF, 0xFF, 0xFF, 0xFF,
    0xFF, 0x00, 0x00, 0x07, 0xFF, 0xFF, 0xFF, 0xFF, 0xFF, 0xFC, 0x00, 0x00, 0x07, 0xFF, 0xFF, 0xFF,
    0xFF, 0xFF, 0xF0, 0x00, 0x00, 0x07, 0xFF, 0xFF, 0xFF, 0xFF, 0xFF, 0xC0, 0x00, 0x00, 0x0F, 0xFF,
    0xFF, 0xFF, 0xFF, 0xFF, 0x00, 0x00, 0x00, 0x0F, 0xFF, 0xFF, 0xFF, 0xFF, 0xFC, 0x00, 0x00, 0x00,
    0x07, 0xFF, 0xFF, 0xFF, 0xFF, 0xF0, 0x00, 0x00, 0x00, 0x07, 0xFF, 0xFF, 0xFF, 0xFF, 0xC0, 0x00,
    0x00, 0x00, 0x07, 0xFF, 0xFF, 0xFF, 0xFF, 0x00, 0x00, 0x00, 0x00, 0x03, 0xFF, 0xFF, 0xFF, 0xF8,
    0x00, 0x00, 0x00, 0x00, 0x01, 0xFF, 0xFF, 0xFF, 0xC0, 0x00, 0x00, 0x00, 0x00, 0x00, 0xFF, 0xFF,
    0xFE, 0x00, 0x00, 0x00, 0x00, 0x00, 0x00, 0x1F, 0xFF, 0xC0, 0x00, 0x00, 0x00, 0x00, 0x00, 0x00,
    0x01, 0xFF, 0xF8, 0x00, 0x00, 0x00, 0x1F, 0xFF, 0xC0, 0x00, 0x00, 0x01, 0xFF, 0xFE, 0x00, 0x00,
    0x00, 0x1F, 0xFF, 0xF0, 0x00, 0x00, 0x01, 0xFF, 0xFF, 0x80, 0x00, 0x00, 0x1F, 0xFF, 0xFC, 0x00,
    0x00, 0x01, 0xFF, 0xFF, 0xE0, 0x00, 0x00, 0x1F, 0xFF, 0xFF, 0x00, 0x00, 0x03, 0xFF, 0xFF, 0xF8,
    0x00, 0x00, 0x3F, 0xFF, 0xFF, 0xC0, 0x00, 0x07, 0xFF, 0xFF, 0xFE, 0x00, 0x00, 0x7F, 0xFF, 0xFF,
    0xF0, 0x00, 0x0F, 0xFF, 0xFF, 0xFF, 0x80, 0x00, 0xFF, 0xFF, 0xFF, 0xFC, 0x00, 0x1F, 0xFF, 0xFF,
    0xFF, 0xE0, 0x03, 0xFF, 0xFF, 0xFF, 0xFF, 0x00, 0x7F, 0xFF, 0xFF, 0xFF, 0xF8, 0x0F, 0xFF, 0xFF,
    0xFF, 0xFF, 0xC1, 0xFF, 0xFF, 0xFF, 0xFF, 0xFE, 0x3F, 0xFF, 0xFF, 0xFF, 0xFF, 0xFF, 0xFF, 0xFF,
    0xFF, 0xFF, 0xFF, 0xFF, 0xFF, 0xFF, 0xFF, 0xFF, 0xFF, 0xFF, 0xFF, 0xFF, 0xFF, 0xFF, 0xEF, 0xFF,
    0xFF, 0xFF, 0xFF, 0xFF, 0x7F, 0xFF, 0xFF, 0xDF, 0xFF, 0xF9, 0xFF, 0xFF, 0xFC, 0xFF, 0xFF, 0xCF,
    0xFF, 0xFF, 0x87, 0xFF, 0xFE, 0x7F, 0xFF, 0xF8, 0x3F, 0xFF, 0xF1, 0xFF, 0xFF, 0x01, 0xFF, 0xFF,
    0x8F, 0xFF, 0xE0, 0x0F, 0xFF, 0xFC, 0x3F, 0xFC, 0x00, 0x7F, 0xFF, 0xE1, 0xFF, 0x80, 0x03, 0xFF,
    0xFF, 0x0F, 0xF0, 0x00, 0x1F, 0xFF, 0xF8, 0x3C, 0x00, 0x00, 0xFF, 0xFF, 0xC1, 0x00, 0x00, 0x07,
    0xFF, 0xFE, 0x00, 0x00, 0x00, 0x3F, 0xFF, 0xF0, 0x00, 0x00, 0x01, 0xFF, 0xFF, 0x80, 0x00, 0x00,
    0x0F, 0xFF, 0xFC, 0x00, 0x00, 0x00, 0x7F, 0xFF, 0xE0, 0x00, 0x00, 0x03, 0xFF, 0xFF, 0x00, 0x00,
    0x00, 0x1F, 0xFF, 0xF8, 0x00, 0x00, 0x00, 0xFF, 0xFF, 0xC0, 0x00, 0x00, 0x07, 0xFF, 0xFE, 0x00,
    0x00, 0x00, 0x3F, 0xFF, 0xF0, 0x00, 0x00, 0x01, 0xFF, 0xFF, 0x80, 0x00, 0x00, 0x0F, 0xFF, 0xFC,
    0x00, 0x00, 0x00, 0x7F, 0xFF, 0xE0, 0x00, 0x00, 0x03, 0xFF, 0xFF, 0x00, 0x00, 0x00, 0x1F, 0xFF,
    0xF8, 0x00, 0x00, 0x00, 0xFF, 0xFF, 0xC0, 0x00, 0x00, 0x07, 0xFF, 0xFE, 0x00, 0x00, 0x00, 0x3F,
    0xFF, 0xF0, 0x00, 0x00, 0x01, 0xFF, 0xFF, 0x80, 0x00, 0x00, 0x0F, 0xFF, 0xFC, 0x00, 0x00, 0x00,
    0x7F, 0xFF, 0xE0, 0x00, 0x00, 0x03, 0xFF, 0xFF, 0x00, 0x00, 0x00, 0x1F, 0xFF, 0xF8, 0x00, 0x00,
    0x00, 0xFF, 0xFF, 0xC0, 0x00, 0x00, 0x07, 0xFF, 0xFE, 0x00, 0x00, 0x00, 0x3F, 0xFF, 0xF0, 0x00,
    0x00, 0x01, 0xFF, 0xFF, 0x80, 0x00, 0x00, 0x0F, 0xFF, 0xFC, 0x00, 0x00, 0x00, 0x7F, 0xFF, 0xE0,
    0x00, 0x00, 0x03, 0xFF, 0xFF, 0x00, 0x00, 0x00, 0x1F, 0xFF, 0xF8, 0x00, 0x00, 0x00, 0xFF, 0xFF,
    0xC0, 0x00, 0x00, 0x07, 0xFF, 0xFE, 0x00, 0x00, 0x00, 0x3F, 0xFF, 0xF0, 0x00, 0x00, 0x01, 0xFF,
    0xFF, 0x80, 0x00, 0x00, 0x0F, 0xFF, 0xFC, 0x00, 0x00, 0x00, 0x7F, 0xFF, 0xE0, 0x00, 0x00, 0x03,
    0xFF, 0xFF, 0x00, 0x00, 0x00, 0x1F, 0xFF, 0xF8, 0x00, 0x00, 0x00, 0xFF, 0xFF, 0xC0, 0x00, 0x00,
    0x07, 0xFF, 0xFE, 0x00, 0x00, 0x00, 0x3F, 0xFF, 0xF0, 0x00, 0x00, 0x01, 0xFF, 0xFF, 0x80, 0x00,
    0x00, 0x0F, 0xFF, 0xFC, 0x00, 0x00, 0x00, 0x7F, 0xFF, 0xE0, 0x00, 0x00, 0x03, 0xFF, 0xFF, 0x00,
    0x00, 0x00, 0x1F, 0xFF, 0xF8, 0x00, 0x00, 0x00, 0xFF, 0xFF, 0xC0, 0x00, 0x00, 0x07, 0xFF, 0xFE,
    0x00, 0x00, 0x00, 0x3F, 0xFF, 0xF0, 0x00, 0x00, 0x01, 0xFF, 0xFF, 0x80, 0x00, 0x00, 0x0F, 0xFF,
    0xFC, 0x00, 0x00, 0x00, 0x7F, 0xFF, 0xE0, 0x00, 0x00, 0x03, 0xFF, 0xFF, 0x00, 0x00, 0x00, 0x1F,
    0xFF, 0xF8, 0x00, 0x00, 0x00, 0xFF, 0xFF, 0xC0, 0x00, 0x00, 0x07, 0xFF, 0xFE, 0x00, 0x00, 0x00,
    0x3F, 0xFF, 0xF0, 0x00, 0x00, 0x01, 0xFF, 0xFF, 0x80, 0x00, 0x00, 0x0F, 0xFF, 0xFC, 0x00, 0x00,
    0x00, 0x7F, 0xFF, 0xE0, 0x00, 0x00, 0x03, 0xFF, 0xFF, 0x00, 0x00, 0x00, 0x1F, 0xFF, 0xF8, 0x00,
    0x00, 0x00, 0xFF, 0xFF, 0xC0, 0x00, 0x00, 0x07, 0xFF, 0xFE, 0x00, 0x00, 0x00, 0x3F, 0xFF, 0xF0,
    0x00, 0x00, 0x01, 0xFF, 0xFF, 0x80, 0x00, 0x00, 0x00, 0xFF, 0xFF, 0xC0, 0x00, 0x00, 0x00, 0x00,
    0x01, 0xFF, 0xFF, 0xFF, 0xE0, 0x00, 0x00, 0x00, 0x00, 0x7F, 0xFF, 0xFF, 0xFF, 0x80, 0x00, 0x00,
    0x00, 0x3F, 0xFF, 0xFF, 0xFF, 0xFE, 0x00, 0x00, 0x00, 0x0F, 0xFF, 0xFF, 0xFF, 0xFF, 0xF8, 0x00,
    0x00, 0x03, 0xFF, 0xFF, 0xFF, 0xFF, 0xFF, 0xE0, 0x00, 0x00, 0xFF, 0xFF, 0xFF, 0xFF, 0xFF, 0xFF,
    0x00, 0x00, 0x1F, 0xFF, 0xFF, 0xFF, 0xFF, 0xFF, 0xF8, 0x00, 0x07, 0xFF, 0xFF, 0xFF, 0xFF, 0xFF,
    0xFF, 0xC0, 0x00, 0xFF, 0xFF, 0xFF, 0xFF, 0xFF, 0xFF, 0xFE, 0x00, 0x1F, 0xFF, 0xFF, 0xFF, 0xFF,
    0xFF, 0xFF, 0xE0, 0x07, 0xFF, 0xFF, 0xFF, 0xFF, 0xFF, 0xFF, 0xFF, 0x00, 0xFF, 0xFF, 0xFF, 0xFF,
    0xFF, 0xFF, 0xFF, 0xF8, 0x07, 0xFF, 0xFF, 0xFF, 0xFF, 0xFF, 0xFF, 0xFF, 0x80, 0x7F, 0xFF, 0xFF,
    0xFF, 0xFF, 0xFF, 0xFF, 0xFC, 0x03, 0xFF, 0xFF, 0xFF, 0x07, 0xFF, 0xFF, 0xFF, 0xC0, 0x1F, 0xFF,
    0xFF, 0x00, 0x07, 0xFF, 0xFF, 0xFE, 0x00, 0xFF, 0xFF, 0x80, 0x00, 0x0F, 0xFF, 0xFF, 0xE0, 0x0F,
    0xFF, 0xE0, 0x00, 0x00, 0x7F, 0xFF, 0xFE, 0x00, 0x7F, 0xF8, 0x00, 0x00, 0x03, 0xFF, 0xFF, 0xE0,
    0x03, 0xFE, 0x00, 0x00, 0x00, 0x1F, 0xFF, 0xFF, 0x00, 0x3F, 0xC0, 0x00, 0x00, 0x00, 0xFF, 0xFF,
    0xF0, 0x01, 0xF8, 0x00, 0x00, 0x00, 0x0F, 0xFF, 0xFF, 0x00, 0x0E, 0x00, 0x00, 0x00, 0x00, 0x7F,
    0xFF, 0xF0, 0x00, 0x40, 0x00, 0x00, 0x00, 0x07, 0xFF, 0xFF, 0x00, 0x00, 0x00, 0x00, 0x00, 0x00,
    0x7F, 0xFF, 0xF0, 0x00, 0x00, 0x00, 0x00, 0x00, 0x07, 0xFF, 0xFF, 0x80, 0x00, 0x00, 0x00, 0x00,
    0x00, 0x3F, 0xFF, 0xF8, 0x00, 0x00, 0x00, 0x00, 0x00, 0x03, 0xFF, 0xFF, 0x80, 0x00, 0x00, 0x00,
    0x00, 0x00, 0x3F, 0xFF, 0xF8, 0x00, 0x00, 0x00, 0x00, 0x00, 0x03, 0xFF, 0xFF, 0x80, 0x00, 0x00,
    0x00, 0x00, 0x00, 0x7F, 0xFF, 0xF0, 0x00, 0x00, 0x00, 0x00, 0x00, 0x07, 0xFF, 0xFF, 0x00, 0x00,
    0x00, 0x00, 0x00, 0x00, 0x7F, 0xFF, 0xF0, 0x00, 0x00, 0x00, 0x00, 0x00, 0x07, 0xFF, 0xFF, 0x00,
    0x00, 0x00, 0x00, 0x00, 0x00, 0xFF, 0xFF, 0xF0, 0x00, 0x00, 0x00, 0x00, 0x00, 0x0F, 0xFF, 0xFE,
    0x00, 0x00, 0x00, 0x00, 0x00, 0x01, 0xFF, 0xFF, 0xE0, 0x00, 0x00, 0x00, 0x00, 0x00, 0x1F, 0xFF,
    0xFE, 0x00, 0x00, 0x00, 0x00, 0x00, 0x03, 0xFF, 0xFF, 0xC0, 0x00, 0x00, 0x00, 0x00, 0x00, 0x3F,
    0xFF, 0xFC, 0x00, 0x00, 0x00, 0x00, 0x00, 0x07, 0xFF, 0xFF, 0x80, 0x00, 0x00, 0x00, 0x00, 0x00,
    0xFF, 0xFF, 0xF8, 0x00, 0x00, 0x00, 0x00, 0x00, 0x0F, 0xFF, 0xFF, 0x00, 0x00, 0x00, 0x00, 0x00,
    0x01, 0xFF, 0xFF, 0xF0, 0x00, 0x00, 0x00, 0x00, 0x00, 0x3F, 0xFF, 0xFE, 0x00, 0x00, 0x00, 0x00,
    0x00, 0x07, 0xFF, 0xFF, 0xC0, 0x00, 0x00, 0x00, 0x00, 0x00, 0xFF, 0xFF, 0xFC, 0x00, 0x00, 0x00,
    0x00, 0x00, 0x1F, 0xFF, 0xFF, 0x80, 0x00, 0x00, 0x00, 0x00, 0x03, 0xFF, 0xFF, 0xF0, 0x00, 0x00,
    0x00, 0x00, 0x00, 0x7F, 0xFF, 0xFF, 0x00, 0x00, 0x00, 0x00, 0x00, 0x0F, 0xFF, 0xFF, 0xE0, 0x00,
    0x00, 0x00, 0x00, 0x01, 0xFF, 0xFF, 0xFC, 0x00, 0x00, 0x00, 0x00, 0x00, 0x3F, 0xFF, 0xFF, 0x80,
    0x00, 0x00, 0x00, 0x00, 0x07, 0xFF, 0xFF, 0xF0, 0x00, 0x00, 0x00, 0x00, 0x00, 0xFF, 0xFF, 0xFF,
    0x00, 0x00, 0x00, 0x00, 0x00, 0x1F, 0xFF, 0xFF, 0xE0, 0x00, 0x00, 0x00, 0x00, 0x03, 0xFF, 0xFF,
    0xFC, 0x00, 0x00, 0x00, 0x00, 0x00, 0x7F, 0xFF, 0xFF, 0x80, 0x00, 0x00, 0x00, 0x00, 0x0F, 0xFF,
    0xFF, 0xF0, 0x00, 0x00, 0x00, 0x00, 0x01, 0xFF, 0xFF, 0xFE, 0x00, 0x00, 0x00, 0x00, 0x00, 0x3F,
    0xFF, 0xFF, 0xC0, 0x00, 0x00, 0x00, 0x00, 0x07, 0xFF, 0xFF, 0xF8, 0x00, 0x00, 0x00, 0x00, 0x00,
    0xFF, 0xFF, 0xFF, 0x00, 0x00, 0x00, 0x00, 0x00, 0x1F, 0xFF, 0xFF, 0xE0, 0x00, 0x00, 0x00, 0x00,
    0x03, 0xFF, 0xFF, 0xFC, 0x00, 0x00, 0x00, 0x00, 0x00, 0x7F, 0xFF, 0xFF, 0x80, 0x00, 0x00, 0x00,
    0x00, 0x0F, 0xFF, 0xFF, 0xF0, 0x00, 0x00, 0x00, 0x00, 0x01, 0xFF, 0xFF, 0xFE, 0x00, 0x00, 0x00,
    0x00, 0x00, 0x1F, 0xFF, 0xFF, 0xC0, 0x00, 0x00, 0x00, 0x00, 0x03, 0xFF, 0xFF, 0xF8, 0x00, 0x00,
    0x00, 0x00, 0x00, 0x7F, 0xFF, 0xFF, 0x00, 0x00, 0x00, 0x00, 0x00, 0x0F, 0xFF, 0xFF, 0xE0, 0x00,
    0x00, 0x00, 0x00, 0x01, 0xFF, 0xFF, 0xFC, 0x00, 0x00, 0x00, 0x00, 0x00, 0x1F, 0xFF, 0xFF, 0x80,
    0x00, 0x00, 0x00, 0x00, 0x03, 0xFF, 0xFF, 0xF0, 0x00, 0x00, 0x00, 0x00, 0x00, 0x7F, 0xFF, 0xFE,
    0x00, 0x00, 0x00, 0x00, 0x00, 0x07, 0xFF, 0xFF, 0xC0, 0x00, 0x00, 0x00, 0x00, 0x00, 0xFF, 0xFF,
    0xF8, 0x00, 0x00, 0x00, 0x00, 0x00, 0x0F, 0xFF, 0xFF, 0x80, 0x00, 0x00, 0x00, 0x00, 0x01, 0xFF,
    0xFF, 0xF0, 0x00, 0x00, 0x00, 0x00, 0x00, 0x1F, 0xFF, 0xFE, 0x00, 0x00, 0x00, 0x00, 0x00, 0x03,
    0xFF, 0xFF, 0xC0, 0x00, 0x00, 0x00, 0x00, 0x00, 0x3F, 0xFF, 0xF8, 0x00, 0x00, 0x00, 0x00, 0x00,
    0x07, 0xFF, 0xFF, 0x80, 0x00, 0x00, 0x00, 0x00, 0x00, 0x7F, 0xFF, 0xF0, 0x00, 0x00, 0x00, 0x00,
    0x00, 0x0F, 0xFF, 0xFF, 0x00, 0x00, 0x00, 0x00, 0x00, 0x00, 0xFF, 0xFF, 0xE0, 0x00, 0x00, 0x00,
    0x00, 0x00, 0x0F, 0xFF, 0xFE, 0x00, 0x00, 0x00, 0x00, 0x00, 0x00, 0xFF, 0xFF, 0xFF, 0xFF, 0xFF,
    0xFF, 0xFF, 0xFF, 0x1F, 0xFF, 0xFF, 0xFF, 0xFF, 0xFF, 0xFF, 0xFF, 0xF1, 0xFF, 0xFF, 0xFF, 0xFF,
    0xFF, 0xFF, 0xFF, 0xFF, 0x1F, 0xFF, 0xFF, 0xFF, 0xFF, 0xFF, 0xFF, 0xFF, 0xF1, 0xFF, 0xFF, 0xFF,
    0xFF, 0xFF, 0xFF, 0xFF, 0xFF, 0x1F, 0xFF, 0xFF, 0xFF, 0xFF, 0xFF, 0xFF, 0xFF, 0xF1, 0xFF, 0xFF,
    0xFF, 0xFF, 0xFF, 0xFF, 0xFF, 0xFF, 0x1F, 0xFF, 0xFF, 0xFF, 0xFF, 0xFF, 0xFF, 0xFF, 0xF1, 0xFF,
    0xFF, 0xFF, 0xFF, 0xFF, 0xFF, 0xFF, 0xFF, 0x1F, 0xFF, 0xFF, 0xFF, 0xFF, 0xFF, 0xFF, 0xFF, 0xF1,
    0xFF, 0xFF, 0xFF, 0xFF, 0xFF, 0xFF, 0xFF, 0xFF, 0x1F, 0xFF, 0xFF, 0xFF, 0xFF, 0xFF, 0xFF, 0xFF,
    0xF1, 0xFF, 0xFF, 0xFF, 0xFF, 0xFF, 0xFF, 0xFF, 0xFF, 0x1F, 0xFF, 0xFF, 0xFF, 0xFF, 0xFF, 0xFF,
    0xFF, 0xF1, 0xFF, 0xFF, 0xFF, 0xFF, 0xFF, 0xFF, 0xFF, 0xFF, 0x00, 0x00, 0x07, 0xFF, 0xFE, 0x00,
    0x00, 0x00, 0x00, 0x00, 0x1F, 0xFF, 0xFF, 0xFE, 0x00, 0x00, 0x00, 0x00, 0x1F, 0xFF, 0xFF, 0xFF,
    0xF0, 0x00, 0x00, 0x00, 0x1F, 0xFF, 0xFF, 0xFF, 0xFF, 0x80, 0x00, 0x00, 0x0F, 0xFF, 0xFF, 0xFF,
    0xFF, 0xFC, 0x00, 0x00, 0x07, 0xFF, 0xFF, 0xFF, 0xFF, 0xFF, 0xE0, 0x00, 0x03, 0xFF, 0xFF, 0xFF,
    0xFF, 0xFF, 0xFE, 0x00, 0x01, 0xFF, 0xFF, 0xFF, 0xFF, 0xFF, 0xFF, 0xE0, 0x00, 0x3F, 0xFF, 0xFF,
    0xFF, 0xFF, 0xFF, 0xFE, 0x00, 0x07, 0xFF, 0xFF, 0xFF, 0xFF, 0xFF, 0xFF, 0xE0, 0x00, 0x7F, 0xFF,
    0xFF, 0xFF, 0xFF, 0xFF, 0xFE, 0x00, 0x0F, 0xFF, 0xFF, 0xFF, 0xFF, 0xFF, 0xFF, 0xE0, 0x00, 0xFF,
    0xFF, 0xFF, 0xFF, 0xFF, 0xFF, 0xFE, 0x00, 0x1F, 0xFF, 0xFF, 0xFF, 0xFF, 0xFF, 0xFF, 0xC0, 0x01,
    0xFF, 0xFF, 0xFF, 0xFF, 0xFF, 0xFF, 0xFC, 0x00, 0x3F, 0xFF, 0xFE, 0x0F, 0xFF, 0xFF, 0xFF, 0x80,
    0x03, 0xFF, 0xF0, 0x00, 0x0F, 0xFF, 0xFF, 0xF8, 0x00, 0x7F, 0xF0, 0x00, 0x00, 0x7F, 0xFF, 0xFF,
    0x00, 0x07, 0xF0, 0x00, 0x00, 0x03, 0xFF, 0xFF, 0xE0, 0x00, 0xF8, 0x00, 0x00, 0x00, 0x3F, 0xFF,
    0xFE, 0x00, 0x0C, 0x00, 0x00, 0x00, 0x03, 0xFF, 0xFF, 0xC0, 0x00, 0x00, 0x00, 0x00, 0x00, 0x7F,
    0xFF, 0xF8, 0x00, 0x00, 0x00, 0x00, 0x00, 0x07, 0xFF, 0xFF, 0x00, 0x00, 0x00, 0x00, 0x00, 0x00,
    0xFF, 0xFF, 0xE0, 0x00, 0x00, 0x00, 0x00, 0x00, 0x0F, 0xFF, 0xFE, 0x00, 0x00, 0x00, 0x00, 0x00,
    0x01, 0xFF, 0xFF, 0xC0, 0x00, 0x00, 0x00, 0x00, 0x00, 0x3F, 0xFF, 0xF8, 0x00, 0x00, 0x00, 0x00,
    0x00, 0x07, 0xFF, 0xFF, 0x00, 0x00, 0x00, 0x00, 0x00, 0x00, 0xFF, 0xFF, 0xE0, 0x00, 0x00, 0x00,
    0x00, 0x00, 0x1F, 0xFF, 0xFC, 0x00, 0x00, 0x00, 0x00, 0x00, 0x03, 0xFF, 0xFF, 0x80, 0x00, 0x00,
    0x00, 0x00, 0x00, 0x7F, 0xFF, 0xE0, 0x00, 0x00, 0x00, 0x00, 0x00, 0x0F, 0xFF, 0xFC, 0x00, 0x00,
    0x00, 0x00, 0x00, 0x01, 0xFF, 0xFF, 0x80, 0x00, 0x00, 0x00, 0x00, 0x00, 0x7F, 0xFF, 0xF0, 0x00,
    0x00, 0x00, 0x00, 0x00, 0x0F, 0xFF, 0xFE, 0x00, 0x00, 0x00, 0x00, 0x00, 0x03, 0xFF, 0xFF, 0x80,
    0x00, 0x00, 0x00, 0x00, 0x00, 0xFF, 0xFF, 0xF0, 0x00, 0x00, 0x00, 0x00, 0x00, 0x1F, 0xFF, 0xFC,
    0x00, 0x00, 0x00, 0x00, 0x00, 0x07, 0xFF, 0xFF, 0x80, 0x00, 0x00, 0x00, 0x00, 0x03, 0xFF, 0xFF,
    0xE0, 0x00, 0x00, 0x00, 0x00, 0x01, 0xFF, 0xFF, 0xF8, 0x00, 0x00, 0x00, 0x00, 0x00, 0xFF, 0xFF,
    0xFF, 0x00, 0x00, 0x00, 0x00, 0x07, 0xFF, 0xFF, 0xFF, 0xC0, 0x00, 0x00, 0x03, 0xFF, 0xFF, 0xFF,
    0xFF, 0xF0, 0x00, 0x00, 0x00, 0x7F, 0xFF, 0xFF, 0xFF, 0xFC, 0x00, 0x00, 0x00, 0x0F, 0xFF, 0xFF,
    0xFF, 0xFF, 0x00, 0x00, 0x00, 0x01, 0xFF, 0xFF, 0xFF, 0xFF, 0x80, 0x00, 0x00, 0x00, 0x3F, 0xFF,
    0xFF, 0xFF, 0xE0, 0x00, 0x00, 0x00, 0x07, 0xFF, 0xFF, 0xFF, 0xF8, 0x00, 0x00, 0x00, 0x00, 0xFF,
    0xFF, 0xFF, 0xFF, 0xC0, 0x00, 0x00, 0x00, 0x1F, 0xFF, 0xFF, 0xFF, 0xFE, 0x00, 0x00, 0x00, 0x03,
    0xFF, 0xFF, 0xFF, 0xFF, 0xE0, 0x00, 0x00, 0x00, 0x7F, 0xFF, 0xFF, 0xFF, 0xFF, 0x00, 0x00, 0x00,
    0x0F, 0xFF, 0xFF, 0xFF, 0xFF, 0xF0, 0x00, 0x00, 0x01, 0xFF, 0xFF, 0xFF, 0xFF, 0xFF, 0x00, 0x00,
    0x00, 0x3F, 0xFF, 0xFF, 0xFF, 0xFF, 0xF0, 0x00, 0x00, 0x07, 0xFF, 0xFF, 0xFF, 0xFF, 0xFF, 0x00,
    0x00, 0x00, 0x00, 0x7F, 0xFF, 0xFF, 0xFF, 0xF0, 0x00, 0x00, 0x00, 0x00, 0x0F, 0xFF, 0xFF, 0xFF,
    0x00, 0x00, 0x00, 0x00, 0x00, 0x3F, 0xFF, 0xFF, 0xE0, 0x00, 0x00, 0x00, 0x00, 0x01, 0xFF, 0xFF,
    0xFE, 0x00, 0x00, 0x00, 0x00, 0x00, 0x0F, 0xFF, 0xFF, 0xC0, 0x00, 0x00, 0x00, 0x00, 0x00, 0xFF,
    0xFF, 0xFC, 0x00, 0x00, 0x00, 0x00, 0x00, 0x0F, 0xFF, 0xFF, 0x80, 0x00, 0x00, 0x00, 0x00, 0x00,
    0xFF, 0xFF, 0xF8, 0x00, 0x00, 0x00, 0x00, 0x00, 0x0F, 0xFF, 0xFF, 0x00, 0x00, 0x00, 0x00, 0x00,
    0x00, 0xFF, 0xFF, 0xE0, 0x00, 0x00, 0x00, 0x00, 0x00, 0x1F, 0xFF, 0xFC, 0x00, 0x00, 0x00, 0x00,
    0x00, 0x03, 0xFF, 0xFF, 0xC0, 0x00, 0x00, 0x00, 0x00, 0x00, 0x3F, 0xFF, 0xF8, 0x00, 0x00, 0x00,
    0x00, 0x00, 0x07, 0xFF, 0xFF, 0x00, 0x00, 0x00, 0x00, 0x00, 0x00, 0xFF, 0xFF, 0xE0, 0x00, 0x00,
    0x00, 0x00, 0x00, 0x1F, 0xFF, 0xFC, 0x00, 0x00, 0x00, 0x00, 0x00, 0x03, 0xFF, 0xFF, 0x80, 0x00,
    0x00, 0x00, 0x00, 0x00, 0x7F, 0xFF, 0xF0, 0x00, 0x00, 0x00, 0x00, 0x00, 0x0F, 0xFF, 0xFE, 0x00,
    0x00, 0x00, 0x00, 0x00, 0x01, 0xFF, 0xFF, 0xC0, 0x00, 0x00, 0x00, 0x00, 0x00, 0x3F, 0xFF, 0xF8,
    0x00, 0x00, 0x00, 0x00, 0x00, 0x07, 0xFF, 0xFF, 0x00, 0x00, 0x00, 0x00, 0x00, 0x01, 0xFF, 0xFF,
    0xE0, 0x00, 0x00, 0x00, 0x00, 0x00, 0x3F, 0xFF, 0xF8, 0x00, 0x00, 0x00, 0x00, 0x00, 0x0F, 0xFF,
    0xFF, 0x00, 0x00, 0x00, 0x00, 0x00, 0x01, 0xFF, 0xFF, 0xE0, 0x00, 0x00, 0x00, 0x00, 0x00, 0x7F,
    0xFF, 0xFC, 0x00, 0x00, 0x00, 0x00, 0x00, 0x1F, 0xFF, 0xFF, 0x07, 0x00, 0x00, 0x00, 0x00, 0x07,
    0xFF, 0xFF, 0xE0, 0xF8, 0x00, 0x00, 0x00, 0x01, 0xFF, 0xFF, 0xFC, 0x1F, 0xE0, 0x00, 0x00, 0x00,
    0xFF, 0xFF, 0xFF, 0x07, 0xFF, 0xC0, 0x00, 0x00, 0xFF, 0xFF, 0xFF, 0xE0, 0xFF, 0xFF, 0xF8, 0x0F,
    0xFF, 0xFF, 0xFF, 0xF8, 0x1F, 0xFF, 0xFF, 0xFF, 0xFF, 0xFF, 0xFF, 0xFF, 0x03, 0xFF, 0xFF, 0xFF,
    0xFF, 0xFF, 0xFF, 0xFF, 0xC0, 0xFF, 0xFF, 0xFF, 0xFF, 0xFF, 0xFF, 0xFF, 0xF0, 0x1F, 0xFF, 0xFF,
    0xFF, 0xFF, 0xFF, 0xFF, 0xFC, 0x03, 0xFF, 0xFF, 0xFF, 0xFF, 0xFF, 0xFF, 0xFF, 0x00, 0x7F, 0xFF,
    0xFF, 0xFF, 0xFF, 0xFF, 0xFF, 0xC0, 0x1F, 0xFF, 0xFF, 0xFF, 0xFF, 0xFF, 0xFF, 0xF0, 0x03, 0xFF,
    0xFF, 0xFF, 0xFF, 0xFF, 0xFF, 0xFC, 0x00, 0x7F, 0xFF, 0xFF, 0xFF, 0xFF, 0xFF, 0xFF, 0x00, 0x0F,
    0xFF, 0xFF, 0xFF, 0xFF, 0xFF, 0xFF, 0x80, 0x01, 0xFF, 0xFF, 0xFF, 0xFF, 0xFF, 0xFF, 0xC0, 0x00,
    0x07, 0xFF, 0xFF, 0xFF, 0xFF, 0xFF, 0xE0, 0x00, 0x00, 0x1F, 0xFF, 0xFF, 0xFF, 0xFF, 0xE0, 0x00,
    0x00, 0x00, 0x1F, 0xFF, 0xFF, 0xFF, 0xE0, 0x00, 0x00, 0x00, 0x00, 0x1F, 0xFF, 0xFF, 0xC0, 0x00,
    0x00, 0x00, 0x00, 0x00, 0x00, 0x00, 0x00, 0x07, 0xFF, 0xFE, 0x00, 0x00, 0x00, 0x00, 0x00, 0x00,
    0x03, 0xFF, 0xFF, 0x80, 0x00, 0x00, 0x00, 0x00, 0x00, 0x01, 0xFF, 0xFF, 0xE0, 0x00, 0x00, 0x00,
    0x00, 0x00, 0x00, 0xFF, 0xFF, 0xF8, 0x00, 0x00, 0x00, 0x00, 0x00, 0x00, 0x7F, 0xFF, 0xFE, 0x00,
    0x00, 0x00, 0x00, 0x00, 0x00, 0x3F, 0xFF, 0xFF, 0x80, 0x00, 0x00, 0x00, 0x00, 0x00, 0x1F, 0xFF,
    0xFF, 0xE0, 0x00, 0x00, 0x00, 0x00, 0x00, 0x0F, 0xFF, 0xFF, 0xF8, 0x00, 0x00, 0x00, 0x00, 0x00,
    0x07, 0xFF, 0xFF, 0xFE, 0x00, 0x00, 0x00, 0x00, 0x00, 0x01, 0xFF, 0xFF, 0xFF, 0x80, 0x00, 0x00,
    0x00, 0x00, 0x00, 0xFF, 0xFF, 0xFF, 0xE0, 0x00, 0x00, 0x00, 0x00, 0x00, 0x7F, 0xFF, 0xFF, 0xF8,
    0x00, 0x00, 0x00, 0x00, 0x00, 0x3F, 0xFF, 0xFF, 0xFE, 0x00, 0x00, 0x00, 0x00, 0x00, 0x1F, 0xFF,
    0xFF, 0xFF, 0x80, 0x00, 0x00, 0x00, 0x00, 0x07, 0xFF, 0xFF, 0xFF, 0xE0, 0x00, 0x00, 0x00, 0x00,
    0x03, 0xFF, 0xFF, 0xFF, 0xF8, 0x00, 0x00, 0x00, 0x00, 0x01, 0xFF, 0xFF, 0xFF, 0xFE, 0x00, 0x00,
    0x00, 0x00, 0x00, 0xFF, 0xFF, 0xFF, 0xFF, 0x80, 0x00, 0x00, 0x00, 0x00, 0x7F, 0xFF, 0xFF, 0xFF,
    0xE0, 0x00, 0x00, 0x00, 0x00, 0x1F, 0xFF, 0xFF, 0xFF, 0xF8, 0x00, 0x00, 0x00, 0x00, 0x0F, 0xFF,
    0xFF, 0xFF, 0xFE, 0x00, 0x00, 0x00, 0x00, 0x07, 0xFF, 0xFF, 0xFF, 0xFF, 0x80, 0x00, 0x00, 0x00,
    0x03, 0xFF, 0xFF, 0xFF, 0xFF, 0xE0, 0x00, 0x00, 0x00, 0x00, 0xFF, 0xFF, 0xDF, 0xFF, 0xF8, 0x00,
    0x00, 0x00, 0x00, 0x7F, 0xFF, 0xE7, 0xFF, 0xFE, 0x00, 0x00, 0x00, 0x00, 0x3F, 0xFF, 0xF9, 0xFF,
    0xFF, 0x80, 0x00, 0x00, 0x00, 0x0F, 0xFF, 0xFC, 0x7F, 0xFF, 0xE0, 0x00, 0x00, 0x00, 0x07, 0xFF,
    0xFE, 0x1F, 0xFF, 0xF8, 0x00, 0x00, 0x00, 0x03, 0xFF, 0xFF, 0x07, 0xFF, 0xFE, 0x00, 0x00, 0x00,
    0x01, 0xFF, 0xFF, 0xC1, 0xFF, 0xFF, 0x80, 0x00, 0x00, 0x00, 0x7F, 0xFF, 0xE0, 0x7F, 0xFF, 0xE0,
    0x00, 0x00, 0x00, 0x3F, 0xFF, 0xF0, 0x1F, 0xFF, 0xF8, 0x00, 0x00, 0x00, 0x1F, 0xFF, 0xF8, 0x07,
    0xFF, 0xFE, 0x00, 0x00, 0x00, 0x07, 0xFF, 0xFE, 0x01, 0xFF, 0xFF, 0x80, 0x00, 0x00, 0x03, 0xFF,
    0xFF, 0x00, 0x7F, 0xFF, 0xE0, 0x00, 0x00, 0x01, 0xFF, 0xFF, 0x80, 0x1F, 0xFF, 0xF8, 0x00, 0x00,
    0x00, 0x7F, 0xFF, 0xC0, 0x07, 0xFF, 0xFE, 0x00, 0x00, 0x00, 0x3F, 0xFF, 0xF0, 0x01, 0xFF, 0xFF,
    0x80, 0x00, 0x00, 0x1F, 0xFF, 0xF8, 0x00, 0x7F, 0xFF, 0xE0, 0x00, 0x00, 0x07, 0xFF, 0xFC, 0x00,
    0x1F, 0xFF, 0xF8, 0x00, 0x00, 0x03, 0xFF, 0xFF, 0x00, 0x07, 0xFF, 0xFE, 0x00, 0x00, 0x01, 0xFF,
    0xFF, 0x80, 0x01, 0xFF, 0xFF, 0x80, 0x00, 0x00, 0x7F, 0xFF, 0xC0, 0x00, 0x7F, 0xFF, 0xE0, 0x00,
    0x00, 0x3F, 0xFF, 0xF0, 0x00, 0x1F, 0xFF, 0xF8, 0x00, 0x00, 0x0F, 0xFF, 0xF8, 0x00, 0x07, 0xFF,
    0xFE, 0x00, 0x00, 0x07, 0xFF, 0xFC, 0x00, 0x01, 0xFF, 0xFF, 0x80, 0x00, 0x03, 0xFF, 0xFF, 0x00,
    0x00, 0x7F, 0xFF, 0xE0, 0x00, 0x00, 0xFF, 0xFF, 0x80, 0x00, 0x1F, 0xFF, 0xF8, 0x00, 0x00, 0x7F,
    0xFF, 0xE0, 0x00, 0x07, 0xFF, 0xFE, 0x00, 0x00, 0x1F, 0xFF, 0xF0, 0x00, 0x01, 0xFF, 0xFF, 0x80,
    0x00, 0x0F, 0xFF, 0xF8, 0x00, 0x00, 0x7F, 0xFF, 0xE0, 0x00, 0x07, 0xFF, 0xFE, 0x00, 0x00, 0x1F,
    0xFF, 0xF8, 0x00, 0x01, 0xFF, 0xFF, 0x00, 0x00, 0x07, 0xFF, 0xFE, 0x00, 0x00, 0xFF, 0xFF, 0xC0,
    0x00, 0x01, 0xFF, 0xFF, 0x80, 0x00, 0x3F, 0xFF, 0xE0, 0x00, 0x00, 0x7F, 0xFF, 0xE0, 0x00, 0x1F,
    0xFF, 0xF0, 0x00, 0x00, 0x1F, 0xFF, 0xF8, 0x00, 0x07, 0xFF, 0xFC, 0x00, 0x00, 0x07, 0xFF, 0xFE,
    0x00, 0x03, 0xFF, 0xFE, 0x00, 0x00, 0x01, 0xFF, 0xFF, 0x80, 0x00, 0xFF, 0xFF, 0x80, 0x00, 0x00,
    0x7F, 0xFF, 0xE0, 0x00, 0x7F, 0xFF, 0xC0, 0x00, 0x00, 0x1F, 0xFF, 0xF8, 0x00, 0x1F, 0xFF, 0xF0,
    0x00, 0x00, 0x07, 0xFF, 0xFE, 0x00, 0x0F, 0xFF, 0xF8, 0x00, 0x00, 0x01, 0xFF, 0xFF, 0x80, 0x03,
    0xFF, 0xFE, 0x00, 0x00, 0x00, 0x7F, 0xFF, 0xE0, 0x01, 0xFF, 0xFF, 0xFF, 0xFF, 0xFF, 0xFF, 0xFF,
    0xFF, 0xFF, 0x7F, 0xFF, 0xFF, 0xFF, 0xFF, 0xFF, 0xFF, 0xFF, 0xFF, 0xFF, 0xFF, 0xFF, 0xFF, 0xFF,
    0xFF, 0xFF, 0xFF, 0xFF, 0xFF, 0xFF, 0xFF, 0xFF, 0xFF, 0xFF, 0xFF, 0xFF, 0xFF, 0xFF, 0xFF, 0xFF,
    0xFF, 0xFF, 0xFF, 0xFF, 0xFF, 0xFF, 0xFF, 0xFF, 0xFF, 0xFF, 0xFF, 0xFF, 0xFF, 0xFF, 0xFF, 0xFF,
    0xFF, 0xFF, 0xFF, 0xFF, 0xFF, 0xFF, 0xFF, 0xFF, 0xFF, 0xFF, 0xFF, 0xFF, 0xFF, 0xFF, 0xFF, 0xFF,
    0xFF, 0xFF, 0xFF, 0xFF, 0xFF, 0xFF, 0xFF, 0xFF, 0xFF, 0xFF, 0xFF, 0xFF, 0xFF, 0xFF, 0xFF, 0xFF,
    0xFF, 0xFF, 0xFF, 0xFF, 0xFF, 0xFF, 0xFF, 0xFF, 0xFF, 0xFF, 0xFF, 0xFF, 0xFF, 0xFF, 0xFF, 0xFF,
    0xFF, 0xFF, 0xFF, 0xFF, 0xFF, 0xFF, 0xFF, 0xFF, 0xFF, 0xFF, 0xFF, 0xFF, 0xFF, 0xFF, 0xFF, 0xFF,
    0xFF, 0xFF, 0xFF, 0xFF, 0xFF, 0xFF, 0xFF, 0xFF, 0xFF, 0xFF, 0xC0, 0x00, 0x00, 0x00, 0x00, 0x01,
    0xFF, 0xFF, 0x80, 0x00, 0x00, 0x00, 0x00, 0x00, 0x00, 0x7F, 0xFF, 0xE0, 0x00, 0x00, 0x00, 0x00,
    0x00, 0x00, 0x1F, 0xFF, 0xF8, 0x00, 0x00, 0x00, 0x00, 0x00, 0x00, 0x07, 0xFF, 0xFE, 0x00, 0x00,
    0x00, 0x00, 0x00, 0x00, 0x01, 0xFF, 0xFF, 0x80, 0x00, 0x00, 0x00, 0x00, 0x00, 0x00, 0x7F, 0xFF,
    0xE0, 0x00, 0x00, 0x00, 0x00, 0x00, 0x00, 0x1F, 0xFF, 0xF8, 0x00, 0x00, 0x00, 0x00, 0x00, 0x00,
    0x07, 0xFF, 0xFE, 0x00, 0x00, 0x00, 0x00, 0x00, 0x00, 0x01, 0xFF, 0xFF, 0x80, 0x00, 0x00, 0x00,
    0x00, 0x00, 0x00, 0x7F, 0xFF, 0xE0, 0x00, 0x00, 0x00, 0x00, 0x00, 0x00, 0x1F, 0xFF, 0xF8, 0x00,
    0x00, 0x00, 0x00, 0x00, 0x00, 0x07, 0xFF, 0xFE, 0x00, 0x00, 0x00, 0x00, 0x00, 0x00, 0x01, 0xFF,
    0xFF, 0x80, 0x00, 0x00, 0x00, 0x00, 0x00, 0x00, 0x7F, 0xFF, 0xE0, 0x00, 0x00, 0x00, 0x00, 0x00,
    0x00, 0x1F, 0xFF, 0xF8, 0x00, 0x00, 0x00, 0x00, 0x00, 0x00, 0x07, 0xFF, 0xFE, 0x00, 0x00, 0x00,
    0x00, 0x00, 0x00, 0x01, 0xFF, 0xFF, 0x80, 0x00, 0x00, 0x00, 0x00, 0x00, 0x00, 0x7F, 0xFF, 0xE0,
    0x00, 0x00, 0x00, 0x00, 0x00, 0x00, 0x1F, 0xFF, 0xF8, 0x00, 0x00, 0x00, 0x00, 0x00, 0x00, 0x07,
    0xFF, 0xFE, 0x00, 0x00, 0x00, 0x00, 0x00, 0x00, 0x01, 0xFF, 0xFF, 0x80, 0x00, 0x00, 0x00, 0x00,
    0x00, 0x00, 0x7F, 0xFF, 0xE0, 0x00, 0x00, 0x00, 0x00, 0x00, 0x00, 0x1F, 0xFF, 0xF8, 0x00, 0x00,
    0x00, 0x00, 0x00, 0x00, 0x07, 0xFF, 0xFE, 0x00, 0x00, 0x00, 0x3F, 0xFF, 0xFF, 0xFF, 0xFF, 0xFF,
    0xFE, 0x00, 0x0F, 0xFF, 0xFF, 0xFF, 0xFF, 0xFF, 0xFF, 0x80, 0x03, 0xFF, 0xFF, 0xFF, 0xFF, 0xFF,
    0xFF, 0xE0, 0x00, 0xFF, 0xFF, 0xFF, 0xFF, 0xFF, 0xFF, 0xF8, 0x00, 0x3F, 0xFF, 0xFF, 0xFF, 0xFF,
    0xFF, 0xFE, 0x00, 0x0F, 0xFF, 0xFF, 0xFF, 0xFF, 0xFF, 0xFF, 0x80, 0x03, 0xFF, 0xFF, 0xFF, 0xFF,
    0xFF, 0xFF, 0xE0, 0x00, 0xFF, 0xFF, 0xFF, 0xFF, 0xFF, 0xFF, 0xF8, 0x00, 0x3F, 0xFF, 0xFF, 0xFF,
    0xFF, 0xFF, 0xFE, 0x00, 0x0F, 0xFF, 0xFF, 0xFF, 0xFF, 0xFF, 0xFF, 0x80, 0x03, 0xFF, 0xFF, 0xFF,
    0xFF, 0xFF, 0xFF, 0xE0, 0x00, 0xFF, 0xFF, 0xFF, 0xFF, 0xFF, 0xFF, 0xF8, 0x00, 0x3F, 0xFF, 0xFF,
    0xFF, 0xFF, 0xFF, 0xFE, 0x00, 0x1F, 0xFF, 0xFF, 0xFF, 0xFF, 0xFF, 0xFF, 0x80, 0x07, 0xFF, 0xFF,
    0xFF, 0xFF, 0xFF, 0xFF, 0xE0, 0x01, 0xFF, 0xFF, 0x00, 0x00, 0x00, 0x00, 0x00, 0x00, 0x7F, 0xFF,
    0xC0, 0x00, 0x00, 0x00, 0x00, 0x00, 0x1F, 0xFF, 0xF0, 0x00, 0x00, 0x00, 0x00, 0x00, 0x07, 0xFF,
    0xFC, 0x00, 0x00, 0x00, 0x00, 0x00, 0x01, 0xFF, 0xFF, 0x00, 0x00, 0x00, 0x00, 0x00, 0x00, 0x7F,
    0xFF, 0xC0, 0x00, 0x00, 0x00, 0x00, 0x00, 0x1F, 0xFF, 0xF0, 0x00, 0x00, 0x00, 0x00, 0x00, 0x07,
    0xFF, 0xF8, 0x00, 0x00, 0x00, 0x00, 0x00, 0x01, 0xFF, 0xFE, 0x00, 0x00, 0x00, 0x00, 0x00, 0x00,
    0x7F, 0xFF, 0x80, 0x00, 0x00, 0x00, 0x00, 0x00, 0x1F, 0xFF, 0xE0, 0x00, 0x00, 0x00, 0x00, 0x00,
    0x07, 0xFF, 0xF8, 0x00, 0x00, 0x00, 0x00, 0x00, 0x01, 0xFF, 0xFE, 0x00, 0x00, 0x00, 0x00, 0x00,
    0x00, 0xFF, 0xFF, 0x80, 0x00, 0x00, 0x00, 0x00, 0x00, 0x3F, 0xFF, 0xE0, 0x00, 0x00, 0x00, 0x00,
    0x00, 0x0F, 0xFF, 0xF8, 0x00, 0x00, 0x00, 0x00, 0x00, 0x03, 0xFF, 0xFE, 0x00, 0x00, 0x00, 0x00,
    0x00, 0x00, 0xFF, 0xFF, 0x80, 0x00, 0x00, 0x00, 0x00, 0x00, 0x3F, 0xFF, 0xE0, 0x00, 0x00, 0x00,
    0x00, 0x00, 0x0F, 0xFF, 0xF0, 0x00, 0x00, 0x00, 0x00, 0x00, 0x03, 0xFF, 0xFC, 0x00, 0x00, 0x00,
    0x00, 0x00, 0x00, 0xFF, 0xFF, 0x00, 0x00, 0x00, 0x00, 0x00, 0x00, 0x3F, 0xFF, 0xC0, 0x00, 0x00,
    0x00, 0x00, 0x00, 0x0F, 0xFF, 0xFF, 0xF0, 0x00, 0x00, 0x00, 0x00, 0x03, 0xFF, 0xFF, 0xFF, 0xF0,
    0x00, 0x00, 0x00, 0x01, 0xFF, 0xFF, 0xFF, 0xFF, 0xC0, 0x00, 0x00, 0x00, 0x7F, 0xFF, 0xFF, 0xFF,
    0xFE, 0x00, 0x00, 0x00, 0x1F, 0xFF, 0xFF, 0xFF, 0xFF, 0xE0, 0x00, 0x00, 0x07, 0xFF, 0xFF, 0xFF,
    0xFF, 0xFF, 0x00, 0x00, 0x01, 0xFF, 0xFF, 0xFF, 0xFF, 0xFF, 0xE0, 0x00, 0x00, 0x7F, 0xFF, 0xFF,
    0xFF, 0xFF, 0xFE, 0x00, 0x00, 0x1F, 0xFF, 0xFF, 0xFF, 0xFF, 0xFF, 0xC0, 0x00, 0x07, 0xFF, 0xFF,
    0xFF, 0xFF, 0xFF, 0xFC, 0x00, 0x01, 0xFF, 0xFF, 0xFF, 0xFF, 0xFF, 0xFF, 0x80, 0x00, 0xFF, 0xFF,
    0xFF, 0xFF, 0xFF, 0xFF, 0xF0, 0x00, 0x3F, 0xFF, 0xFF, 0xFF, 0xFF, 0xFF, 0xFE, 0x00, 0x0F, 0xFF,
    0xFF, 0xFF, 0xFF, 0xFF, 0xFF, 0xC0, 0x00, 0x07, 0xFF, 0xFF, 0xFF, 0xFF, 0xFF, 0xF0, 0x00, 0x00,
    0x00, 0x1F, 0xFF, 0xFF, 0xFF, 0xFE, 0x00, 0x00, 0x00, 0x00, 0x1F, 0xFF, 0xFF, 0xFF, 0xC0, 0x00,
    0x00, 0x00, 0x00, 0xFF, 0xFF, 0xFF, 0xF0, 0x00, 0x00, 0x00, 0x00, 0x07, 0xFF, 0xFF, 0xFE, 0x00,
    0x00, 0x00, 0x00, 0x00, 0x7F, 0xFF, 0xFF, 0x80, 0x00, 0x00, 0x00, 0x00, 0x07, 0xFF, 0xFF, 0xF0,
    0x00, 0x00, 0x00, 0x00, 0x00, 0xFF, 0xFF, 0xFC, 0x00, 0x00, 0x00, 0x00, 0x00, 0x1F, 0xFF, 0xFF,
    0x80, 0x00, 0x00, 0x00, 0x00, 0x03, 0xFF, 0xFF, 0xE0, 0x00, 0x00, 0x00, 0x00, 0x00, 0x7F, 0xFF,
    0xF8, 0x00, 0x00, 0x00, 0x00, 0x00, 0x1F, 0xFF, 0xFE, 0x00, 0x00, 0x00, 0x00, 0x00, 0x03, 0xFF,
    0xFF, 0xC0, 0x00, 0x00, 0x00, 0x00, 0x00, 0xFF, 0xFF, 0xF0, 0x00, 0x00, 0x00, 0x00, 0x00, 0x1F,
    0xFF, 0xFC, 0x00, 0x00, 0x00, 0x00, 0x00, 0x07, 0xFF, 0xFF, 0x00, 0x00, 0x00, 0x00, 0x00, 0x01,
    0xFF, 0xFF, 0xC0, 0x00, 0x00, 0x00, 0x00, 0x00, 0x7F, 0xFF, 0xF0, 0x00, 0x00, 0x00, 0x00, 0x00,
    0x1F, 0xFF, 0xFC, 0x00, 0x00, 0x00, 0x00, 0x00, 0x03, 0xFF, 0xFF, 0x00, 0x00, 0x00, 0x00, 0x00,
    0x00, 0xFF, 0xFF, 0xC0, 0x00, 0x00, 0x00, 0x00, 0x00, 0x7F, 0xFF, 0xF0, 0x00, 0x00, 0x00, 0x00,
    0x00, 0x1F, 0xFF, 0xFC, 0x00, 0x00, 0x00, 0x00, 0x00, 0x07, 0xFF, 0xFF, 0x00, 0x00, 0x00, 0x00,
    0x00, 0x01, 0xFF, 0xFF, 0xC0, 0x00, 0x00, 0x00, 0x00, 0x00, 0x7F, 0xFF, 0xF0, 0x00, 0x00, 0x00,
    0x00, 0x00, 0x3F, 0xFF, 0xFC, 0x00, 0x00, 0x00, 0x00, 0x00, 0x0F, 0xFF, 0xFE, 0x00, 0x00, 0x00,
    0x00, 0x00, 0x07, 0xFF, 0xFF, 0x80, 0x00, 0x00, 0x00, 0x00, 0x03, 0xFF, 0xFF, 0xE0, 0x00, 0x00,
    0x00, 0x00, 0x01, 0xFF, 0xFF, 0xF0, 0x70, 0x00, 0x00, 0x00, 0x00, 0xFF, 0xFF, 0xFC, 0x1F, 0x00,
    0x00, 0x00, 0x00, 0x7F, 0xFF, 0xFF, 0x07, 0xF8, 0x00, 0x00, 0x00, 0x7F, 0xFF, 0xFF, 0x81, 0xFF,
    0xE0, 0x00, 0x00, 0xFF, 0xFF, 0xFF, 0xE0, 0xFF, 0xFF, 0xF0, 0x0F, 0xFF, 0xFF, 0xFF, 0xF0, 0x3F,
    0xFF, 0xFF, 0xFF, 0xFF, 0xFF, 0xFF, 0xFC, 0x0F, 0xFF, 0xFF, 0xFF, 0xFF, 0xFF, 0xFF, 0xFE, 0x03,
    0xFF, 0xFF, 0xFF, 0xFF, 0xFF, 0xFF, 0xFF, 0x01, 0xFF, 0xFF, 0xFF, 0xFF, 0xFF, 0xFF, 0xFF, 0x80,
    0x7F, 0xFF, 0xFF, 0xFF, 0xFF, 0xFF, 0xFF, 0xC0, 0x1F, 0xFF, 0xFF, 0xFF, 0xFF, 0xFF, 0xFF, 0xE0,
    0x07, 0xFF, 0xFF, 0xFF, 0xFF, 0xFF, 0xFF, 0xF0, 0x01, 0xFF, 0xFF, 0xFF, 0xFF, 0xFF, 0xFF, 0xF8,
    0x00, 0xFF, 0xFF, 0xFF, 0xFF, 0xFF, 0xFF, 0xFC, 0x00, 0x3F, 0xFF, 0xFF, 0xFF, 0xFF, 0xFF, 0xFC,
    0x00, 0x07, 0xFF, 0xFF, 0xFF, 0xFF, 0xFF, 0xFC, 0x00, 0x00, 0x7F, 0xFF, 0xFF, 0xFF, 0xFF, 0xFC,
    0x00, 0x00, 0x01, 0xFF, 0xFF, 0xFF, 0xFF, 0xFC, 0x00, 0x00, 0x00, 0x07, 0xFF, 0xFF, 0xFF, 0xF0,
    0x00, 0x00, 0x00, 0x00, 0x07, 0xFF, 0xFF, 0xC0, 0x00, 0x00, 0x00, 0x00, 0x00, 0x00, 0x00, 0x00,
    0x00, 0x3F, 0xFC, 0x00, 0x00, 0x00, 0x00, 0x00, 0x00, 0x1F, 0xFF, 0xF0, 0x00, 0x00, 0x00, 0x00,
    0x00, 0x07, 0xFF, 0xFF, 0xC0, 0x00, 0x00, 0x00, 0x00, 0x01, 0xFF, 0xFF, 0xFF, 0x80, 0x00, 0x00,
    0x00, 0x00, 0x1F, 0xFF, 0xFF, 0xFE, 0x00, 0x00, 0x00, 0x00, 0x03, 0xFF, 0xFF, 0xFF, 0xF8, 0x00,
    0x00, 0x00, 0x00, 0x3F, 0xFF, 0xFF, 0xFF, 0xE0, 0x00, 0x00, 0x00, 0x03, 0xFF, 0xFF, 0xFF, 0xFF,
    0x80, 0x00, 0x00, 0x00, 0x3F, 0xFF, 0xFF, 0xFF, 0xFE, 0x00, 0x00, 0x00, 0x01, 0xFF, 0xFF, 0xFF,
    0xFF, 0xF8, 0x00, 0x00, 0x00, 0x1F, 0xFF, 0xFF, 0xFF, 0xFF, 0xE0, 0x00, 0x00, 0x00, 0xFF, 0xFF,
    0xFF, 0xFF, 0xFF, 0x80, 0x00, 0x00, 0x07, 0xFF, 0xFF, 0xFF, 0xFF, 0xFE, 0x00, 0x00, 0x00, 0x7F,
    0xFF, 0xFF, 0xFF, 0xFF, 0xF8, 0x00, 0x00, 0x03, 0xFF, 0xFF, 0xFF, 0xFF, 0xFF, 0xE0, 0x00, 0x00,
    0x1F, 0xFF, 0xFF, 0xFF, 0xFF, 0xFC, 0x00, 0x00, 0x00, 0xFF, 0xFF, 0xFF, 0xFF, 0xE0, 0x00, 0x00,
    0x00, 0x07, 0xFF, 0xFF, 0xFF, 0xF0, 0x00, 0x00, 0x00, 0x00, 0x3F, 0xFF, 0xFF, 0xFE, 0x00, 0x00,
    0x00, 0x00, 0x01, 0xFF, 0xFF, 0xFF, 0xC0, 0x00, 0x00, 0x00, 0x00, 0x07, 0xFF, 0xFF, 0xFC, 0x00,
    0x00, 0x00, 0x00, 0x00, 0x3F, 0xFF, 0xFF, 0xC0, 0x00, 0x00, 0x00, 0x00, 0x01, 0xFF, 0xFF, 0xFE,
    0x00, 0x00, 0x00, 0x00, 0x00, 0x0F, 0xFF, 0xFF, 0xE0, 0x00, 0x00, 0x00, 0x00, 0x00, 0x3F, 0xFF,
    0xFF, 0x00, 0x00, 0x00, 0x00, 0x00, 0x01, 0xFF, 0xFF, 0xF8, 0x00, 0x00, 0x00, 0x00, 0x00, 0x07,
    0xFF, 0xFF, 0xC0, 0x00, 0x00, 0x00, 0x00, 0x00, 0x3F, 0xFF, 0xFE, 0x00, 0x00, 0x00, 0x00, 0x00,
    0x01, 0xFF, 0xFF, 0xF0, 0x00, 0x00, 0x00, 0x00, 0x00, 0x07, 0xFF, 0xFF, 0x80, 0x00, 0x00, 0x00,
    0x00, 0x00, 0x3F, 0xFF, 0xFC, 0x00, 0x00, 0x00, 0x00, 0x00, 0x00, 0xFF, 0xFF, 0xF0, 0x00, 0x00,
    0x00, 0x00, 0x00, 0x03, 0xFF, 0xFF, 0x80, 0x00, 0x00, 0x00, 0x00, 0x00, 0x1F, 0xFF, 0xFE, 0x00,
    0x00, 0x00, 0x00, 0x00, 0x00, 0x7F, 0xFF, 0xF0, 0x00, 0x00, 0x00, 0x00, 0x00, 0x03, 0xFF, 0xFF,
    0xC0, 0x00, 0x00, 0x00, 0x00, 0x00, 0x0F, 0xFF, 0xFE, 0x00, 0x00, 0x00, 0x00, 0x00, 0x00, 0x3F,
    0xFF, 0xF8, 0x00, 0x00, 0x00, 0x00, 0x00, 0x01, 0xFF, 0xFF, 0xC0, 0x00, 0x00, 0x00, 0x00, 0x00,
    0x07, 0xFF, 0xFF, 0x03, 0xFF, 0xFF, 0x00, 0x00, 0x00, 0x1F, 0xFF, 0xFC, 0xFF, 0xFF, 0xFF, 0xC0,
    0x00, 0x00, 0xFF, 0xFF, 0xFF, 0xFF, 0xFF, 0xFF, 0xE0, 0x00, 0x03, 0xFF, 0xFF, 0xFF, 0xFF, 0xFF,
    0xFF, 0xE0, 0x00, 0x0F, 0xFF, 0xFF, 0xFF, 0xFF, 0xFF, 0xFF, 0xC0, 0x00, 0x3F, 0xFF, 0xFF, 0xFF,
    0xFF, 0xFF, 0xFF, 0xC0, 0x00, 0xFF, 0xFF, 0xFF, 0xFF, 0xFF, 0xFF, 0xFF, 0x80, 0x07, 0xFF, 0xFF,
    0xFF, 0xFF, 0xFF, 0xFF, 0xFF, 0x80, 0x1F, 0xFF, 0xFF, 0xFF, 0xFF, 0xFF, 0xFF, 0xFF, 0x00, 0x7F,
    0xFF, 0xFF, 0xFF, 0xFF, 0xFF, 0xFF, 0xFE, 0x01, 0xFF, 0xFF, 0xFF, 0xFF, 0xFF, 0xFF, 0xFF, 0xF8,
    0x07, 0xFF, 0xFF, 0xFF, 0xFF, 0xFF, 0xFF, 0xFF, 0xF0, 0x1F, 0xFF, 0xFF, 0xFF, 0xFF, 0xFF, 0xFF,
    0xFF, 0xE0, 0x7F, 0xFF, 0xFF, 0xFF, 0xFF, 0xFF, 0xFF, 0xFF, 0x81, 0xFF, 0xFF, 0xFF, 0xF8, 0x1F,
    0xFF, 0xFF, 0xFF, 0x0F, 0xFF, 0xFF, 0xF0, 0x00, 0x03, 0xFF, 0xFF, 0xFE, 0x3F, 0xFF, 0xFE, 0x00,
    0x00, 0x03, 0xFF, 0xFF, 0xF8, 0xFF, 0xFF, 0xE0, 0x00, 0x00, 0x03, 0xFF, 0xFF, 0xE3, 0xFF, 0xFF,
    0x80, 0x00, 0x00, 0x07, 0xFF, 0xFF, 0xCF, 0xFF, 0xFE, 0x00, 0x00, 0x00, 0x0F, 0xFF, 0xFF, 0x3F,
    0xFF, 0xF8, 0x00, 0x00, 0x00, 0x1F, 0xFF, 0xFC, 0xFF, 0xFF, 0xE0, 0x00, 0x00, 0x00, 0x7F, 0xFF,
    0xFB, 0xFF, 0xFF, 0x80, 0x00, 0x00, 0x00, 0xFF, 0xFF, 0xEF, 0xFF, 0xFE, 0x00, 0x00, 0x00, 0x03,
    0xFF, 0xFF, 0xBF, 0xFF, 0xF8, 0x00, 0x00, 0x00, 0x07, 0xFF, 0xFE, 0xFF, 0xFF, 0xE0, 0x00, 0x00,
    0x00, 0x1F, 0xFF, 0xFF, 0xFF, 0xFF, 0x80, 0x00, 0x00, 0x00, 0x7F, 0xFF, 0xFF, 0xFF, 0xFE, 0x00,
    0x00, 0x00, 0x01, 0xFF, 0xFF, 0xDF, 0xFF, 0xF8, 0x00, 0x00, 0x00, 0x07, 0xFF, 0xFF, 0x7F, 0xFF,
    0xE0, 0x00, 0x00, 0x00, 0x1F, 0xFF, 0xFD, 0xFF, 0xFF, 0x80, 0x00, 0x00, 0x00, 0x7F, 0xFF, 0xF7,
    0xFF, 0xFF, 0x00, 0x00, 0x00, 0x01, 0xFF, 0xFF, 0xDF, 0xFF, 0xFC, 0x00, 0x00, 0x00, 0x07, 0xFF,
    0xFF, 0x7F, 0xFF, 0xF0, 0x00, 0x00, 0x00, 0x1F, 0xFF, 0xFD, 0xFF, 0xFF, 0xC0, 0x00, 0x00, 0x00,
    0x7F, 0xFF, 0xF7, 0xFF, 0xFF, 0x00, 0x00, 0x00, 0x01, 0xFF, 0xFF, 0xCF, 0xFF, 0xFC, 0x00, 0x00,
    0x00, 0x07, 0xFF, 0xFF, 0x3F, 0xFF, 0xF8, 0x00, 0x00, 0x00, 0x1F, 0xFF, 0xF8, 0xFF, 0xFF, 0xE0,
    0x00, 0x00, 0x00, 0xFF, 0xFF, 0xE3, 0xFF, 0xFF, 0x80, 0x00, 0x00, 0x03, 0xFF, 0xFF, 0x87, 0xFF,
    0xFF, 0x00, 0x00, 0x00, 0x0F, 0xFF, 0xFE, 0x1F, 0xFF, 0xFC, 0x00, 0x00, 0x00, 0x7F, 0xFF, 0xF8,
    0x7F, 0xFF, 0xF8, 0x00, 0x00, 0x01, 0xFF, 0xFF, 0xC0, 0xFF, 0xFF, 0xF0, 0x00, 0x00, 0x0F, 0xFF,
    0xFF, 0x03, 0xFF, 0xFF, 0xC0, 0x00, 0x00, 0x7F, 0xFF, 0xFC, 0x07, 0xFF, 0xFF, 0x80, 0x00, 0x03,
    0xFF, 0xFF, 0xE0, 0x1F, 0xFF, 0xFF, 0x00, 0x00, 0x1F, 0xFF, 0xFF, 0x80, 0x7F, 0xFF, 0xFF, 0x00,
    0x00, 0xFF, 0xFF, 0xFC, 0x00, 0xFF, 0xFF, 0xFF, 0x00, 0x0F, 0xFF, 0xFF, 0xF0, 0x01, 0xFF, 0xFF,
    0xFF, 0xC3, 0xFF, 0xFF, 0xFF, 0x80, 0x07, 0xFF, 0xFF, 0xFF, 0xFF, 0xFF, 0xFF, 0xFC, 0x00, 0x0F,
    0xFF, 0xFF, 0xFF, 0xFF, 0xFF, 0xFF, 0xF0, 0x00, 0x1F, 0xFF, 0xFF, 0xFF, 0xFF, 0xFF, 0xFF, 0x80,
    0x00, 0x7F, 0xFF, 0xFF, 0xFF, 0xFF, 0xFF, 0xFC, 0x00, 0x00, 0xFF, 0xFF, 0xFF, 0xFF, 0xFF, 0xFF,
    0xE0, 0x00, 0x01, 0xFF, 0xFF, 0xFF, 0xFF, 0xFF, 0xFF, 0x80, 0x00, 0x03, 0xFF, 0xFF, 0xFF, 0xFF,
    0xFF, 0xFC, 0x00, 0x00, 0x07, 0xFF, 0xFF, 0xFF, 0xFF, 0xFF, 0xC0, 0x00, 0x00, 0x0F, 0xFF, 0xFF,
    0xFF, 0xFF, 0xFE, 0x00, 0x00, 0x00, 0x0F, 0xFF, 0xFF, 0xFF, 0xFF, 0xF0, 0x00, 0x00, 0x00, 0x1F,
    0xFF, 0xFF, 0xFF, 0xFF, 0x00, 0x00, 0x00, 0x00, 0x1F, 0xFF, 0xFF, 0xFF, 0xF8, 0x00, 0x00, 0x00,
    0x00, 0x1F, 0xFF, 0xFF, 0xFF, 0x80, 0x00, 0x00, 0x00, 0x00, 0x0F, 0xFF, 0xFF, 0xF0, 0x00, 0x00,
    0x00, 0x00, 0x00, 0x07, 0xFF, 0xFE, 0x00, 0x00, 0x00, 0xFF, 0xFF, 0xFF, 0xFF, 0xFF, 0xFF, 0xFF,
    0xFF, 0xFF, 0xFF, 0xFF, 0xFF, 0xFF, 0xFF, 0xFF, 0xFF, 0xFF, 0xFF, 0xFF, 0xFF, 0xFF, 0xFF, 0xFF,
    0xFF, 0xFF, 0xFF, 0xFF, 0xFF, 0xFF, 0xFF, 0xFF, 0xFF, 0xFF, 0xFF, 0xFF, 0xFF, 0xFF, 0xFF, 0xFF,
    0xFF, 0xFF, 0xFF, 0xFF, 0xFF, 0xFF, 0xFF, 0xFF, 0xFF, 0xFF, 0xFF, 0xFF, 0xFF, 0xFF, 0xFF, 0xFF,
    0xFF, 0xFF, 0xFF, 0xFF, 0xFF, 0xFF, 0xFF, 0xFF, 0xFF, 0xFF, 0xFF, 0xFF, 0xFF, 0xFF, 0xFF, 0xFF,
    0xFF, 0xFF, 0xFF, 0xFF, 0xFF, 0xFF, 0xFF, 0xFF, 0xFF, 0xFF, 0xFF, 0xFF, 0xFF, 0xFF, 0xFF, 0xFF,
    0xFF, 0xFF, 0xFF, 0xFF, 0xFF, 0xFF, 0xFF, 0xFF, 0xFF, 0xFF, 0xFF, 0xFF, 0xFF, 0xFF, 0xFF, 0xFF,
    0xFF, 0xFF, 0xFF, 0xFF, 0xFF, 0xFF, 0xFF, 0xFF, 0xFF, 0xFF, 0xFF, 0xFF, 0xFF, 0xFF, 0xFF, 0xFF,
    0xFF, 0xFF, 0xFF, 0xFF, 0xFF, 0xFF, 0xFF, 0xFF, 0xFF, 0xFF, 0xC0, 0x00, 0x00, 0x00, 0x00, 0x00,
    0x3F, 0xFF, 0xFC, 0x00, 0x00, 0x00, 0x00, 0x00, 0x03, 0xFF, 0xFF, 0xC0, 0x00, 0x00, 0x00, 0x00,
    0x00, 0x3F, 0xFF, 0xFC, 0x00, 0x00, 0x00, 0x00, 0x00, 0x03, 0xFF, 0xFF, 0xE0, 0x00, 0x00, 0x00,
    0x00, 0x00, 0x1F, 0xFF, 0xFE, 0x00, 0x00, 0x00, 0x00, 0x00, 0x01, 0xFF, 0xFF, 0xE0, 0x00, 0x00,
    0x00, 0x00, 0x00, 0x1F, 0xFF, 0xFF, 0x00, 0x00, 0x00, 0x00, 0x00, 0x00, 0xFF, 0xFF, 0xF0, 0x00,
    0x00, 0x00, 0x00, 0x00, 0x0F, 0xFF, 0xFF, 0x00, 0x00, 0x00, 0x00, 0x00, 0x00, 0x7F, 0xFF, 0xF8,
    0x00, 0x00, 0x00, 0x00, 0x00, 0x07, 0xFF, 0xFF, 0x80, 0x00, 0x00, 0x00, 0x00, 0x00, 0x7F, 0xFF,
    0xF8, 0x00, 0x00, 0x00, 0x00, 0x00, 0x03, 0xFF, 0xFF, 0xC0, 0x00, 0x00, 0x00, 0x00, 0x00, 0x3F,
    0xFF, 0xFC, 0x00, 0x00, 0x00, 0x00, 0x00, 0x01, 0xFF, 0xFF, 0xC0, 0x00, 0x00, 0x00, 0x00, 0x00,
    0x1F, 0xFF, 0xFE, 0x00, 0x00, 0x00, 0x00, 0x00, 0x00, 0xFF, 0xFF, 0xE0, 0x00, 0x00, 0x00, 0x00,
    0x00, 0x0F, 0xFF, 0xFF, 0x00, 0x00, 0x00, 0x00, 0x00, 0x00, 0x7F, 0xFF, 0xF0, 0x00, 0x00, 0x00,
    0x00, 0x00, 0x07, 0xFF, 0xFF, 0x80, 0x00, 0x00, 0x00, 0x00, 0x00, 0x3F, 0xFF, 0xF8, 0x00, 0x00,
    0x00, 0x00, 0x00, 0x03, 0xFF, 0xFF, 0xC0, 0x00, 0x00, 0x00, 0x00, 0x00, 0x1F, 0xFF, 0xFC, 0x00,
    0x00, 0x00, 0x00, 0x00, 0x01, 0xFF, 0xFF, 0xC0, 0x00, 0x00, 0x00, 0x00, 0x00, 0x0F, 0xFF, 0xFE,
    0x00, 0x00, 0x00, 0x00, 0x00, 0x00, 0xFF, 0xFF, 0xE0, 0x00, 0x00, 0x00, 0x00, 0x00, 0x07, 0xFF,
    0xFF, 0x00, 0x00, 0x00, 0x00, 0x00, 0x00, 0x7F, 0xFF, 0xF0, 0x00, 0x00, 0x00, 0x00, 0x00, 0x03,
    0xFF, 0xFF, 0x80, 0x00, 0x00, 0x00, 0x00, 0x00, 0x3F, 0xFF, 0xFC, 0x00, 0x00, 0x00, 0x00, 0x00,
    0x01, 0xFF, 0xFF, 0xC0, 0x00, 0x00, 0x00, 0x00, 0x00, 0x0F, 0xFF, 0xFE, 0x00, 0x00, 0x00, 0x00,
    0x00, 0x00, 0xFF, 0xFF, 0xE0, 0x00, 0x00, 0x00, 0x00, 0x00, 0x07, 0xFF, 0xFF, 0x00, 0x00, 0x00,
    0x00, 0x00, 0x00, 0x7F, 0xFF, 0xF0, 0x00, 0x00, 0x00, 0x00, 0x00, 0x03, 0xFF, 0xFF, 0x80, 0x00,
    0x00, 0x00, 0x00, 0x00, 0x3F, 0xFF, 0xF8, 0x00, 0x00, 0x00, 0x00, 0x00, 0x01, 0xFF, 0xFF, 0xC0,
    0x00, 0x00, 0x00, 0x00, 0x00, 0x0F, 0xFF, 0xFE, 0x00, 0x00, 0x00, 0x00, 0x00, 0x00, 0xFF, 0xFF,
    0xE0, 0x00, 0x00, 0x00, 0x00, 0x00, 0x07, 0xFF, 0xFF, 0x00, 0x00, 0x00, 0x00, 0x00, 0x00, 0x3F,
    0xFF, 0xF0, 0x00, 0x00, 0x00, 0x00, 0x00, 0x03, 0xFF, 0xFF, 0x80, 0x00, 0x00, 0x00, 0x00, 0x00,
    0x1F, 0xFF, 0xFC, 0x00, 0x00, 0x00, 0x00, 0x00, 0x01, 0xFF, 0xFF, 0xC0, 0x00, 0x00, 0x00, 0x00,
    0x00, 0x0F, 0xFF, 0xFE, 0x00, 0x00, 0x00, 0x00, 0x00, 0x00, 0x7F, 0xFF, 0xF0, 0x00, 0x00, 0x00,
    0x00, 0x00, 0x07, 0xFF, 0xFF, 0x00, 0x00, 0x00, 0x00, 0x00, 0x00, 0x3F, 0xFF, 0xF8, 0x00, 0x00,
    0x00, 0x00, 0x00, 0x01, 0xFF, 0xFF, 0xC0, 0x00, 0x00, 0x00, 0x00, 0x00, 0x1F, 0xFF, 0xFC, 0x00,
    0x00, 0x00, 0x00, 0x00, 0x00, 0xFF, 0xFF, 0xE0, 0x00, 0x00, 0x00, 0x00, 0x00, 0x07, 0xFF, 0xFF,
    0x00, 0x00, 0x00, 0x00, 0x00, 0x00, 0x3F, 0xFF, 0xF0, 0x00, 0x00, 0x00, 0x00, 0x00, 0x03, 0xFF,
    0xFF, 0x80, 0x00, 0x00, 0x00, 0x00, 0x00, 0x1F, 0xFF, 0xFC, 0x00, 0x00, 0x00, 0x00, 0x00, 0x00,
    0xFF, 0xFF, 0xC0, 0x00, 0x00, 0x00, 0x00, 0x00, 0x0F, 0xFF, 0xFE, 0x00, 0x00, 0x00, 0x00, 0x00,
    0x00, 0x7F, 0xFF, 0xF0, 0x00, 0x00, 0x00, 0x00, 0x00, 0x03, 0xFF, 0xFF, 0x80, 0x00, 0x00, 0x00,
    0x00, 0x00, 0x1F, 0xFF, 0xF8, 0x00, 0x00, 0x00, 0x00, 0x00, 0x01, 0xFF, 0xFF, 0xC0, 0x00, 0x00,
    0x00, 0x00, 0x00, 0x0F, 0xFF, 0xFE, 0x00, 0x00, 0x00, 0x00, 0x00, 0x00, 0x7F, 0xFF, 0xF0, 0x00,
    0x00, 0x00, 0x00, 0x00, 0x03, 0xFF, 0xFF, 0x00, 0x00, 0x00, 0x00, 0x00, 0x00, 0x3F, 0xFF, 0xF8,
    0x00, 0x00, 0x00, 0x00, 0x00, 0x01, 0xFF, 0xFF, 0xC0, 0x00, 0x00, 0x00, 0x00, 0x00, 0x0F, 0xFF,
    0xFE, 0x00, 0x00, 0x00, 0x00, 0x00, 0x00, 0x7F, 0xFF, 0xE0, 0x00, 0x00, 0x00, 0x00, 0x00, 0x07,
    0xFF, 0xFF, 0x00, 0x00, 0x00, 0x00, 0x00, 0x00, 0x3F, 0xFF, 0xF8, 0x00, 0x00, 0x00, 0x00, 0x00,
    0x01, 0xFF, 0xFF, 0xC0, 0x00, 0x00, 0x00, 0x00, 0x00, 0x0F, 0xFF, 0xFE, 0x00, 0x00, 0x00, 0x00,
    0x00, 0x00, 0x7F, 0xFF, 0xE0, 0x00, 0x00, 0x00, 0x00, 0x00, 0x03, 0xFF, 0xFF, 0x00, 0x00, 0x00,
    0x00, 0x00, 0x00, 0x3F, 0xFF, 0xF8, 0x00, 0x00, 0x00, 0x00, 0x00, 0x01, 0xFF, 0xFF, 0xC0, 0x00,
    0x00, 0x00, 0x00, 0x00, 0x0F, 0xFF, 0xFE, 0x00, 0x00, 0x00, 0x00, 0x00, 0x00, 0x7F, 0xFF, 0xF0,
    0x00, 0x00, 0x00, 0x00, 0x00, 0x03, 0xFF, 0xFF, 0x80, 0x00, 0x00, 0x00, 0x00, 0x00, 0x1F, 0xFF,
    0xF8, 0x00, 0x00, 0x00, 0x00, 0x00, 0x00, 0xFF, 0xFF, 0xC0, 0x00, 0x00, 0x00, 0x00, 0x00, 0x0F,
    0xFF, 0xFE, 0x00, 0x00, 0x00, 0x00, 0x00, 0x00, 0x7F, 0xFF, 0xF0, 0x00, 0x00, 0x00, 0x00, 0x00,
    0x03, 0xFF, 0xFF, 0x80, 0x00, 0x00, 0x00, 0x00, 0x00, 0x1F, 0xFF, 0xFC, 0x00, 0x00, 0x00, 0x00,
    0x00, 0x00, 0x00, 0x00, 0x3F, 0xFF, 0xF0, 0x00, 0x00, 0x00, 0x00, 0x00, 0x0F, 0xFF, 0xFF, 0xF0,
    0x00, 0x00, 0x00, 0x00, 0x03, 0xFF, 0xFF, 0xFF, 0xF0, 0x00, 0x00, 0x00, 0x00, 0x7F, 0xFF, 0xFF,
    0xFF, 0xE0, 0x00, 0x00, 0x00, 0x0F, 0xFF, 0xFF, 0xFF, 0xFF, 0xC0, 0x00, 0x00, 0x01, 0xFF, 0xFF,
    0xFF, 0xFF, 0xFF, 0x00, 0x00, 0x00, 0x1F, 0xFF, 0xFF, 0xFF, 0xFF, 0xFE, 0x00, 0x00, 0x01, 0xFF,
    0xFF, 0xFF, 0xFF, 0xFF, 0xF8, 0x00, 0x00, 0x1F, 0xFF, 0xFF, 0xFF, 0xFF, 0xFF, 0xE0, 0x00, 0x01,
    0xFF, 0xFF, 0xFF, 0xFF, 0xFF, 0xFF, 0x80, 0x00, 0x1F, 0xFF, 0xFF, 0xFF, 0xFF, 0xFF, 0xFE, 0x00,
    0x01, 0xFF, 0xFF, 0xFF, 0xFF, 0xFF, 0xFF, 0xF8, 0x00, 0x1F, 0xFF, 0xFF, 0xFF, 0xFF, 0xFF, 0xFF,
    0xC0, 0x01, 0xFF, 0xFF, 0xFF, 0xFF, 0xFF, 0xFF, 0xFF, 0x00, 0x0F, 0xFF, 0xFF, 0xFC, 0x1F, 0xFF,
    0xFF, 0xFC, 0x00, 0xFF, 0xFF, 0xFE, 0x00, 0x0F, 0xFF, 0xFF, 0xE0, 0x07, 0xFF, 0xFF, 0xC0, 0x00,
    0x3F, 0xFF, 0xFF, 0x80, 0x7F, 0xFF, 0xFC, 0x00, 0x00, 0x7F, 0xFF, 0xFC, 0x03, 0xFF, 0xFF, 0xC0,
    0x00, 0x01, 0xFF, 0xFF, 0xE0, 0x3F, 0xFF, 0xFC, 0x00, 0x00, 0x07, 0xFF, 0xFF, 0x81, 0xFF, 0xFF,
    0xC0, 0x00, 0x00, 0x1F, 0xFF, 0xFC, 0x0F, 0xFF, 0xFE, 0x00, 0x00, 0x00, 0xFF, 0xFF, 0xE0, 0x7F,
    0xFF, 0xE0, 0x00, 0x00, 0x03, 0xFF, 0xFF, 0x07, 0xFF, 0xFF, 0x00, 0x00, 0x00, 0x1F, 0xFF, 0xFC,
    0x3F, 0xFF, 0xF0, 0x00, 0x00, 0x00, 0xFF, 0xFF, 0xE1, 0xFF, 0xFF, 0x80, 0x00, 0x00, 0x03, 0xFF,
    0xFF, 0x0F, 0xFF, 0xFC, 0x00, 0x00, 0x00, 0x1F, 0xFF, 0xF8, 0x7F, 0xFF, 0xE0, 0x00, 0x00, 0x00,
    0xFF, 0xFF, 0xC3, 0xFF, 0xFF, 0x00, 0x00, 0x00, 0x07, 0xFF, 0xFE, 0x1F, 0xFF, 0xF8, 0x00, 0x00,
    0x00, 0x3F, 0xFF, 0xF0, 0xFF, 0xFF, 0xC0, 0x00, 0x00, 0x01, 0xFF, 0xFF, 0x87, 0xFF, 0xFF, 0x00,
    0x00, 0x00, 0x1F, 0xFF, 0xF8, 0x3F, 0xFF, 0xF8, 0x00, 0x00, 0x00, 0xFF, 0xFF, 0xC1, 0xFF, 0xFF,
    0xC0, 0x00, 0x00, 0x07, 0xFF, 0xFE, 0x0F, 0xFF, 0xFF, 0x00, 0x00, 0x00, 0x3F, 0xFF, 0xF0, 0x3F,
    0xFF, 0xF8, 0x00, 0x00, 0x03, 0xFF, 0xFF, 0x01, 0xFF, 0xFF, 0xE0, 0x00, 0x00, 0x1F, 0xFF, 0xF8,
    0x0F, 0xFF, 0xFF, 0x80, 0x00, 0x01, 0xFF, 0xFF, 0xC0, 0x7F, 0xFF, 0xFE, 0x00, 0x00, 0x0F, 0xFF,
    0xFC, 0x01, 0xFF, 0xFF, 0xF8, 0x00, 0x00, 0xFF, 0xFF, 0xE0, 0x0F, 0xFF, 0xFF, 0xE0, 0x00, 0x0F,
    0xFF, 0xFE, 0x00, 0x3F, 0xFF, 0xFF, 0x80, 0x00, 0xFF, 0xFF, 0xE0, 0x01, 0xFF, 0xFF, 0xFF, 0x00,
    0x0F, 0xFF, 0xFF, 0x00, 0x07, 0xFF, 0xFF, 0xFE, 0x00, 0xFF, 0xFF, 0xF0, 0x00, 0x1F, 0xFF, 0xFF,
    0xFC, 0x1F, 0xFF, 0xFF, 0x00, 0x00, 0xFF, 0xFF, 0xFF, 0xFD, 0xFF, 0xFF, 0xF0, 0x00, 0x03, 0xFF,
    0xFF, 0xFF, 0xFF, 0xFF, 0xFF, 0x00, 0x00, 0x0F, 0xFF, 0xFF, 0xFF, 0xFF, 0xFF, 0xF0, 0x00, 0x00,
    0x3F, 0xFF, 0xFF, 0xFF, 0xFF, 0xFF, 0x00, 0x00, 0x00, 0xFF, 0xFF, 0xFF, 0xFF, 0xFF, 0xF0, 0x00,
    0x00, 0x01, 0xFF, 0xFF, 0xFF, 0xFF, 0xFF, 0x00, 0x00, 0x00, 0x07, 0xFF, 0xFF, 0xFF, 0xFF, 0xF0,
    0x00, 0x00, 0x00, 0x1F, 0xFF, 0xFF, 0xFF, 0xFF, 0xE0, 0x00, 0x00, 0x03, 0xFF, 0xFF, 0xFF, 0xFF,
    0xFF, 0x80, 0x00, 0x00, 0x3F, 0xFF, 0xFF, 0xFF, 0xFF, 0xFF, 0x00, 0x00, 0x03, 0xFF, 0xFF, 0xFF,
    0xFF, 0xFF, 0xFC, 0x00, 0x00, 0x3F, 0xFF, 0xFF, 0xFF, 0xFF, 0xFF, 0xF0, 0x00, 0x03, 0xFF, 0xFF,
    0xFF, 0xFF, 0xFF, 0xFF, 0xC0, 0x00, 0x3F, 0xFF, 0xFF, 0xFF, 0xFF, 0xFF, 0xFF, 0x00, 0x03, 0xFF,
    0xFF, 0xE0, 0xFF, 0xFF, 0xFF, 0xFC, 0x00, 0x3F, 0xFF, 0xFC, 0x00, 0xFF, 0xFF, 0xFF, 0xF0, 0x03,
    0xFF, 0xFF, 0xC0, 0x01, 0xFF, 0xFF, 0xFF, 0xC0, 0x3F, 0xFF, 0xFC, 0x00, 0x03, 0xFF, 0xFF, 0xFE,
    0x01, 0xFF, 0xFF, 0xC0, 0x00, 0x07, 0xFF, 0xFF, 0xF8, 0x1F, 0xFF, 0xFC, 0x00, 0x00, 0x0F, 0xFF,
    0xFF, 0xE0, 0xFF, 0xFF, 0xE0, 0x00, 0x00, 0x3F, 0xFF, 0xFF, 0x0F, 0xFF, 0xFE, 0x00, 0x00, 0x00,
    0xFF, 0xFF, 0xF8, 0x7F, 0xFF, 0xE0, 0x00, 0x00, 0x03, 0xFF, 0xFF, 0xE7, 0xFF, 0xFF, 0x00, 0x00,
    0x00, 0x0F, 0xFF, 0xFF, 0x3F, 0xFF, 0xF0, 0x00, 0x00, 0x00, 0x3F, 0xFF, 0xF9, 0xFF, 0xFF, 0x80,
    0x00, 0x00, 0x01, 0xFF, 0xFF, 0xFF, 0xFF, 0xFC, 0x00, 0x00, 0x00, 0x07, 0xFF, 0xFF, 0xFF, 0xFF,
    0xC0, 0x00, 0x00, 0x00, 0x3F, 0xFF, 0xFF, 0xFF, 0xFE, 0x00, 0x00, 0x00, 0x00, 0xFF, 0xFF, 0xFF,
    0xFF, 0xF0, 0x00, 0x00, 0x00, 0x07, 0xFF, 0xFF, 0xFF, 0xFF, 0x80, 0x00, 0x00, 0x00, 0x3F, 0xFF,
    0xFF, 0xFF, 0xFC, 0x00, 0x00, 0x00, 0x01, 0xFF, 0xFF, 0xFF, 0xFF, 0xE0, 0x00, 0x00, 0x00, 0x0F,
    0xFF, 0xFF, 0xFF, 0xFF, 0x00, 0x00, 0x00, 0x00, 0x7F, 0xFF, 0xFF, 0xFF, 0xF8, 0x00, 0x00, 0x00,
    0x03, 0xFF, 0xFF, 0xFF, 0xFF, 0xC0, 0x00, 0x00, 0x00, 0x1F, 0xFF, 0xFF, 0xFF, 0xFE, 0x00, 0x00,
    0x00, 0x01, 0xFF, 0xFF, 0xFF, 0xFF, 0xF8, 0x00, 0x00, 0x00, 0x0F, 0xFF, 0xFF, 0xFF, 0xFF, 0xC0,
    0x00, 0x00, 0x00, 0x7F, 0xFF, 0xF7, 0xFF, 0xFF, 0x00, 0x00, 0x00, 0x07, 0xFF, 0xFF, 0x3F, 0xFF,
    0xF8, 0x00, 0x00, 0x00, 0x3F, 0xFF, 0xF9, 0xFF, 0xFF, 0xE0, 0x00, 0x00, 0x03, 0xFF, 0xFF, 0xCF,
    0xFF, 0xFF, 0x80, 0x00, 0x00, 0x3F, 0xFF, 0xFC, 0x3F, 0xFF, 0xFE, 0x00, 0x00, 0x03, 0xFF, 0xFF,
    0xE1, 0xFF, 0xFF, 0xFC, 0x00, 0x00, 0x7F, 0xFF, 0xFF, 0x07, 0xFF, 0xFF, 0xF8, 0x00, 0x0F, 0xFF,
    0xFF, 0xF0, 0x3F, 0xFF, 0xFF, 0xFE, 0x0F, 0xFF, 0xFF, 0xFF, 0x80, 0xFF, 0xFF, 0xFF, 0xFF, 0xFF,
    0xFF, 0xFF, 0xF8, 0x03, 0xFF, 0xFF, 0xFF, 0xFF, 0xFF, 0xFF, 0xFF, 0x80, 0x1F, 0xFF, 0xFF, 0xFF,
    0xFF, 0xFF, 0xFF, 0xFC, 0x00, 0x7F, 0xFF, 0xFF, 0xFF, 0xFF, 0xFF, 0xFF, 0xC0, 0x01, 0xFF, 0xFF,
    0xFF, 0xFF, 0xFF, 0xFF, 0xFC, 0x00, 0x07, 0xFF, 0xFF, 0xFF, 0xFF, 0xFF, 0xFF, 0xC0, 0x00, 0x1F,
    0xFF, 0xFF, 0xFF, 0xFF, 0xFF, 0xFC, 0x00, 0x00, 0x3F, 0xFF, 0xFF, 0xFF, 0xFF, 0xFF, 0x80, 0x00,
    0x00, 0xFF, 0xFF, 0xFF, 0xFF, 0xFF, 0xF8, 0x00, 0x00, 0x01, 0xFF, 0xFF, 0xFF, 0xFF, 0xFF, 0x00,
    0x00, 0x00, 0x07, 0xFF, 0xFF, 0xFF, 0xFF, 0xE0, 0x00, 0x00, 0x00, 0x07, 0xFF, 0xFF, 0xFF, 0xFC,
    0x00, 0x00, 0x00, 0x00, 0x0F, 0xFF, 0xFF, 0xFF, 0x00, 0x00, 0x00, 0x00, 0x00, 0x07, 0xFF, 0xFF,
    0x80, 0x00, 0x00, 0x00, 0x00, 0x00, 0x00, 0x7F, 0xFF, 0xC0, 0x00, 0x00, 0x00, 0x00, 0x00, 0x0F,
    0xFF, 0xFF, 0xF0, 0x00, 0x00, 0x00, 0x00, 0x01, 0xFF, 0xFF, 0xFF, 0xF8, 0x00, 0x00, 0x00, 0x00,
    0x1F, 0xFF, 0xFF, 0xFF, 0xF8, 0x00, 0x00, 0x00, 0x01, 0xFF, 0xFF, 0xFF, 0xFF, 0xF8, 0x00, 0x00,
    0x00, 0x0F, 0xFF, 0xFF, 0xFF, 0xFF, 0xF0, 0x00, 0x00, 0x00, 0x7F, 0xFF, 0xFF, 0xFF, 0xFF, 0xF0,
    0x00, 0x00, 0x07, 0xFF, 0xFF, 0xFF, 0xFF, 0xFF, 0xE0, 0x00, 0x00, 0x3F, 0xFF, 0xFF, 0xFF, 0xFF,
    0xFF, 0xC0, 0x00, 0x01, 0xFF, 0xFF, 0xFF, 0xFF, 0xFF, 0xFF, 0x80, 0x00, 0x0F, 0xFF, 0xFF, 0xFF,
    0xFF, 0xFF, 0xFF, 0x00, 0x00, 0x3F, 0xFF, 0xFF, 0xFF, 0xFF, 0xFF, 0xFE, 0x00, 0x01, 0xFF, 0xFF,
    0xFF, 0xFF, 0xFF, 0xFF, 0xFC, 0x00, 0x0F, 0xFF, 0xFF, 0xFF, 0xFF, 0xFF, 0xFF, 0xF0, 0x00, 0x7F,
    0xFF, 0xFF, 0xFF, 0xFF, 0xFF, 0xFF, 0xE0, 0x01, 0xFF, 0xFF, 0xFF, 0xC3, 0xFF, 0xFF, 0xFF, 0x80,
    0x0F, 0xFF, 0xFF, 0xF0, 0x00, 0xFF, 0xFF, 0xFF, 0x00, 0x3F, 0xFF, 0xFF, 0x00, 0x00, 0xFF, 0xFF,
    0xFE, 0x01, 0xFF, 0xFF, 0xF8, 0x00, 0x01, 0xFF, 0xFF, 0xF8, 0x07, 0xFF, 0xFF, 0xC0, 0x00, 0x01,
    0xFF, 0xFF, 0xE0, 0x3F, 0xFF, 0xFE, 0x00, 0x00, 0x07, 0xFF, 0xFF, 0xC0, 0xFF, 0xFF, 0xF0, 0x00,
    0x00, 0x0F, 0xFF, 0xFF, 0x03, 0xFF, 0xFF, 0x80, 0x00, 0x00, 0x1F, 0xFF, 0xFE, 0x1F, 0xFF, 0xFE,
    0x00, 0x00, 0x00, 0x7F, 0xFF, 0xF8, 0x7F, 0xFF, 0xF0, 0x00, 0x00, 0x00, 0xFF, 0xFF, 0xE1, 0xFF,
    0xFF, 0xC0, 0x00, 0x00, 0x03, 0xFF, 0xFF, 0xC7, 0xFF, 0xFF, 0x00, 0x00, 0x00, 0x07, 0xFF, 0xFF,
    0x3F, 0xFF, 0xF8, 0x00, 0x00, 0x00, 0x1F, 0xFF, 0xFC, 0xFF, 0xFF, 0xE0, 0x00, 0x00, 0x00, 0x7F,
    0xFF, 0xF3, 0xFF, 0xFF, 0x80, 0x00, 0x00, 0x00, 0xFF, 0xFF, 0xEF, 0xFF, 0xFE, 0x00, 0x00, 0x00,
    0x03, 0xFF, 0xFF, 0xBF, 0xFF, 0xF8, 0x00, 0x00, 0x00, 0x0F, 0xFF, 0xFE, 0xFF, 0xFF, 0xE0, 0x00,
    0x00, 0x00, 0x3F, 0xFF, 0xFB, 0xFF, 0xFF, 0x00, 0x00, 0x00, 0x00, 0xFF, 0xFF, 0xEF, 0xFF, 0xFE,
    0x00, 0x00, 0x00, 0x03, 0xFF, 0xFF, 0xBF, 0xFF, 0xF8, 0x00, 0x00, 0x00, 0x07, 0xFF, 0xFE, 0xFF,
    0xFF, 0xE0, 0x00, 0x00, 0x00, 0x1F, 0xFF, 0xFF, 0xFF, 0xFF, 0x80, 0x00, 0x00, 0x00, 0x7F, 0xFF,
    0xFF, 0xFF, 0xFE, 0x00, 0x00, 0x00, 0x01, 0xFF, 0xFF, 0xFF, 0xFF, 0xF8, 0x00, 0x00, 0x00, 0x07,
    0xFF, 0xFF, 0xFF, 0xFF, 0xE0, 0x00, 0x00, 0x00, 0x1F, 0xFF, 0xFD, 0xFF, 0xFF, 0xC0, 0x00, 0x00,
    0x00, 0x7F, 0xFF, 0xF7, 0xFF, 0xFF, 0x00, 0x00, 0x00, 0x01, 0xFF, 0xFF, 0xDF, 0xFF, 0xFE, 0x00,
    0x00, 0x00, 0x07, 0xFF, 0xFF, 0x7F, 0xFF, 0xF8, 0x00, 0x00, 0x00, 0x1F, 0xFF, 0xFC, 0xFF, 0xFF,
    0xF0, 0x00, 0x00, 0x00, 0x7F, 0xFF, 0xF3, 0xFF, 0xFF, 0xE0, 0x00, 0x00, 0x01, 0xFF, 0xFF, 0xCF,
    0xFF, 0xFF, 0xC0, 0x00, 0x00, 0x07, 0xFF, 0xFF, 0x1F, 0xFF, 0xFF, 0xC0, 0x00, 0x00, 0x7F, 0xFF,
    0xFC, 0x7F, 0xFF, 0xFF, 0xC0, 0x00, 0x0F, 0xFF, 0xFF, 0xF0, 0xFF, 0xFF, 0xFF, 0xF8, 0x1F, 0xFF,
    0xFF, 0xFF, 0xC3, 0xFF, 0xFF, 0xFF, 0xFF, 0xFF, 0xFF, 0xFF, 0xFF, 0x07, 0xFF, 0xFF, 0xFF, 0xFF,
    0xFF, 0xFF, 0xFF, 0xF8, 0x0F, 0xFF, 0xFF, 0xFF, 0xFF, 0xFF, 0xFF, 0xFF, 0xE0, 0x3F, 0xFF, 0xFF,
    0xFF, 0xFF, 0xFF, 0xFF, 0xFF, 0x80, 0x7F, 0xFF, 0xFF, 0xFF, 0xFF, 0xFF, 0xFF, 0xFE, 0x00, 0xFF,
    0xFF, 0xFF, 0xFF, 0xFF, 0xFF, 0xFF, 0xF8, 0x01, 0xFF, 0xFF, 0xFF, 0xFF, 0xFF, 0xFF, 0xFF, 0xE0,
    0x03, 0xFF, 0xFF, 0xFF, 0xFF, 0xFF, 0xFF, 0xFF, 0x80, 0x03, 0xFF, 0xFF, 0xFF, 0xFF, 0xFF, 0xFF,
    0xFE, 0x00, 0x07, 0xFF, 0xFF, 0xFF, 0xFF, 0xFF, 0xFF, 0xF0, 0x00, 0x07, 0xFF, 0xFF, 0xFF, 0xFF,
    0xFF, 0xFF, 0xC0, 0x00, 0x07, 0xFF, 0xFF, 0xFF, 0xFF, 0xFF, 0xFF, 0x00, 0x00, 0x03, 0xFF, 0xFF,
    0xFF, 0x9F, 0xFF, 0xFC, 0x00, 0x00, 0x00, 0xFF, 0xFF, 0xC0, 0x7F, 0xFF, 0xF0, 0x00, 0x00, 0x00,
    0x00, 0x00, 0x03, 0xFF, 0xFF, 0x80, 0x00, 0x00, 0x00, 0x00, 0x00, 0x0F, 0xFF, 0xFE, 0x00, 0x00,
    0x00, 0x00, 0x00, 0x00, 0x3F, 0xFF, 0xF8, 0x00, 0x00, 0x00, 0x00, 0x00, 0x01, 0xFF, 0xFF, 0xC0,
    0x00, 0x00, 0x00, 0x00, 0x00, 0x07, 0xFF, 0xFF, 0x00, 0x00, 0x00, 0x00, 0x00, 0x00, 0x3F, 0xFF,
    0xFC, 0x00, 0x00, 0x00, 0x00, 0x00, 0x00, 0xFF, 0xFF, 0xE0, 0x00, 0x00, 0x00, 0x00, 0x00, 0x07,
    0xFF, 0xFF, 0x80, 0x00, 0x00, 0x00, 0x00, 0x00, 0x1F, 0xFF, 0xFE, 0x00, 0x00, 0x00, 0x00, 0x00,
    0x00, 0xFF, 0xFF, 0xF0, 0x00, 0x00, 0x00, 0x00, 0x00, 0x07, 0xFF, 0xFF, 0xC0, 0x00, 0x00, 0x00,
    0x00, 0x00, 0x3F, 0xFF, 0xFE, 0x00, 0x00, 0x00, 0x00, 0x00, 0x01, 0xFF, 0xFF, 0xF8, 0x00, 0x00,
    0x00, 0x00, 0x00, 0x0F, 0xFF, 0xFF, 0xC0, 0x00, 0x00, 0x00, 0x00, 0x00, 0x7F, 0xFF, 0xFF, 0x00,
    0x00, 0x00, 0x00, 0x00, 0x03, 0xFF, 0xFF, 0xF8, 0x00, 0x00, 0x00, 0x00, 0x00, 0x1F, 0xFF, 0xFF,
    0xC0, 0x00, 0x00, 0x00, 0x00, 0x01, 0xFF, 0xFF, 0xFF, 0x00, 0x00, 0x00, 0x00, 0x00, 0x1F, 0xFF,
    0xFF, 0xF8, 0x00, 0x00, 0x00, 0x00, 0x01, 0xFF, 0xFF, 0xFF, 0xC0, 0x00, 0x00, 0x00, 0x00, 0x1F,
    0xFF, 0xFF, 0xFF, 0x00, 0x00, 0x00, 0x00, 0x03, 0xFF, 0xFF, 0xFF, 0xF8, 0x00, 0x00, 0x00, 0x01,
    0xFF, 0xFF, 0xFF, 0xFF, 0xC0, 0x00, 0x00, 0x0F, 0xFF, 0xFF, 0xFF, 0xFF, 0xFE, 0x00, 0x00, 0x07,
    0xFF, 0xFF, 0xFF, 0xFF, 0xFF, 0xF0, 0x00, 0x00, 0x1F, 0xFF, 0xFF, 0xFF, 0xFF, 0xFF, 0x80, 0x00,
    0x00, 0x7F, 0xFF, 0xFF, 0xFF, 0xFF, 0xFC, 0x00, 0x00, 0x01, 0xFF, 0xFF, 0xFF, 0xFF, 0xFF, 0xC0,
    0x00, 0x00, 0x07, 0xFF, 0xFF, 0xFF, 0xFF, 0xFE, 0x00, 0x00, 0x00, 0x1F, 0xFF, 0xFF, 0xFF, 0xFF,
    0xF0, 0x00, 0x00, 0x00, 0x7F, 0xFF, 0xFF, 0xFF, 0xFF, 0x00, 0x00, 0x00, 0x01, 0xFF, 0xFF, 0xFF,
    0xFF, 0xF0, 0x00, 0x00, 0x00, 0x07, 0xFF, 0xFF, 0xFF, 0xFF, 0x00, 0x00, 0x00, 0x00, 0x1F, 0xFF,
    0xFF, 0xFF, 0xF0, 0x00, 0x00, 0x00, 0x00, 0x7F, 0xFF, 0xFF, 0xFF, 0x00, 0x00, 0x00, 0x00, 0x01,
    0xFF, 0xFF, 0xFF, 0xE0, 0x00, 0x00, 0x00, 0x00, 0x07, 0xFF, 0xFF, 0xF8, 0x00, 0x00, 0x00, 0x00,
    0x00, 0x1F, 0xFF, 0xFE, 0x00, 0x00, 0x00, 0x00, 0x00, 0x00, 0x7F, 0xFE, 0x00, 0x00, 0x00, 0x00,
    0x00, 0x00, 0x00, 0xFF, 0x80, 0x01, 0xFF, 0xF0, 0x03, 0xFF, 0xFC, 0x03, 0xFF, 0xFF, 0x01, 0xFF,
    0xFF, 0xC1, 0xFF, 0xFF, 0xF1, 0xFF, 0xFF, 0xF8, 0xFF, 0xFF, 0xFE, 0x7F, 0xFF, 0xFF, 0x3F, 0xFF,
    0xFF, 0xBF, 0xFF, 0xFF, 0xDF, 0xFF, 0xFF, 0xEF, 0xFF, 0xFF, 0xF3, 0xFF, 0xFF, 0xF9, 0xFF, 0xFF,
    0xFC, 0xFF, 0xFF, 0xFE, 0x7F, 0xFF, 0xFE, 0x1F, 0xFF, 0xFF, 0x0F, 0xFF, 0xFF, 0x03, 0xFF, 0xFF,
    0x00, 0xFF, 0xFF, 0x00, 0x1F, 0xFF, 0x00, 0x03, 0xFE, 0x00, 0x00, 0x00, 0x00, 0x00, 0x00, 0x00,
    0x00, 0x00, 0x00, 0x00, 0x00, 0x00, 0x00, 0x00, 0x00, 0x00, 0x00, 0x00, 0x00, 0x00, 0x00, 0x00,
    0x00, 0x00, 0x00, 0x00, 0x00, 0x00, 0x00, 0x00, 0x00, 0x00, 0x00, 0x00, 0x00, 0x00, 0x00, 0x00,
    0x00, 0x00, 0x00, 0x00, 0x00, 0x00, 0x00, 0x00, 0x00, 0x00, 0x00, 0x00, 0x00, 0x00, 0x00, 0x00,
    0x00, 0x00, 0x00, 0x00, 0x00, 0x00, 0x00, 0x00, 0x00, 0x00, 0x00, 0x00, 0x00, 0x00, 0x00, 0x00,
    0x00, 0x00, 0x00, 0x00, 0x00, 0x00, 0x00, 0x00, 0x00, 0x00, 0x00, 0x00, 0x00, 0x00, 0x00, 0x00,
    0x00, 0x00, 0x00, 0x00, 0x00, 0x00, 0x00, 0x00, 0x00, 0x00, 0x00, 0x00, 0x00, 0x00, 0x01, 0xFF,
    0x00, 0x03, 0xFF, 0xE0, 0x07, 0xFF, 0xF8, 0x07, 0xFF, 0xFE, 0x03, 0xFF, 0xFF, 0x83, 0xFF, 0xFF,
    0xE3, 0xFF, 0xFF, 0xF1, 0xFF, 0xFF, 0xFC, 0xFF, 0xFF, 0xFE, 0x7F, 0xFF, 0xFF, 0x7F, 0xFF, 0xFF,
    0xBF, 0xFF, 0xFF, 0xDF, 0xFF, 0xFF, 0xE7, 0xFF, 0xFF, 0xF3, 0xFF, 0xFF, 0xF9, 0xFF, 0xFF, 0xFC,
    0xFF, 0xFF, 0xFC, 0x3F, 0xFF, 0xFE, 0x1F, 0xFF, 0xFE, 0x07, 0xFF, 0xFE, 0x01, 0xFF, 0xFE, 0x00,
    0x3F, 0xFE, 0x00, 0x07, 0xFC, 0x00,
};

static const EpdGlyph calendar_time_xlGlyphs[] = {
    { 71, 106, 1325, 6, 104, 941, 0 }, // 0
    { 45, 101, 1325, 13, 101, 569, 941 }, // 1
    { 68, 104, 1325, 6, 104, 884, 1510 }, // 2
    { 67, 106, 1325, 7, 104, 888, 2394 }, // 3
    { 74, 101, 1325, 4, 101, 935, 3282 }, // 4
    { 66, 103, 1325, 8, 101, 850, 4217 }, // 5
    { 70, 104, 1325, 7, 102, 910, 5067 }, // 6
    { 69, 101, 1325, 7, 101, 872, 5977 }, // 7
    { 69, 106, 1325, 7, 104, 915, 6849 }, // 8
    { 70, 104, 1325, 6, 104, 910, 7764 }, // 9
    { 25, 78, 621, 7, 76, 244, 8674 }, // :
};

static const EpdUnicodeInterval calendar_time_xlIntervals[] = {
    { 0x30, 0x3A, 0x0 },
};

static const EpdFontData calendar_time_xl = {
    calendar_time_xlBitmaps,
    calendar_time_xlGlyphs,
    calendar_time_xlIntervals,
    1,
    168,
    136,
    -28,
    false,
    nullptr,
    0,
    nullptr,
    nullptr,
    nullptr,
    nullptr,
    nullptr,
    nullptr,
    nullptr,
    nullptr,
    nullptr,
    nullptr,
    nullptr,
    0,
    0,
    0,
    0,
    nullptr,
    0,
};
/**
 * generated by fontconvert.py
 * name: calendar_time_l
 * size: 50
 * mode: 1-bit
 * Command used: fontconvert.py calendar_time_l 50 ../builtinFonts/source/Ubuntu/Ubuntu-Medium.ttf --characters 0123456789:
 */
#pragma once
#include "EpdFontData.h"

static const uint8_t calendar_time_lBitmaps[4601] = {
    0x00, 0x00, 0x1F, 0xFF, 0x00, 0x00, 0x00, 0x00, 0x1F, 0xFF, 0xFC, 0x00, 0x00, 0x00, 0x0F, 0xFF,
    0xFF, 0xE0, 0x00, 0x00, 0x03, 0xFF, 0xFF, 0xFE, 0x00, 0x00, 0x00, 0xFF, 0xFF, 0xFF, 0xF0, 0x00,
    0x00, 0x7F, 0xFF, 0xFF, 0xFF, 0x00, 0x00, 0x1F, 0xFF, 0xFF, 0xFF, 0xF0, 0x00, 0x03, 0xFF, 0xFF,
    0xFF, 0xFF, 0x00, 0x00, 0xFF, 0xFF, 0xFF, 0xFF, 0xE0, 0x00, 0x3F, 0xFF, 0xFF, 0xFF, 0xFE, 0x00,
    0x0F, 0xFF, 0xFF, 0xFF, 0xFF, 0xE0, 0x01, 0xFF, 0xFF, 0x8F, 0xFF, 0xFC, 0x00, 0x7F, 0xFF, 0x80,
    0x3F, 0xFF, 0xC0, 0x0F, 0xFF, 0xE0, 0x03, 0xFF, 0xF8, 0x03, 0xFF, 0xF8, 0x00, 0x3F, 0xFF, 0x80,
    0x7F, 0xFE, 0x00, 0x03, 0xFF, 0xF0, 0x1F, 0xFF, 0xC0, 0x00, 0x7F, 0xFF, 0x03, 0xFF, 0xF0, 0x00,
    0x07, 0xFF, 0xE0, 0x7F, 0xFE, 0x00, 0x00, 0xFF, 0xFC, 0x1F, 0xFF, 0x80, 0x00, 0x0F, 0xFF, 0xC3,
    0xFF, 0xF0, 0x00, 0x01, 0xFF, 0xF8, 0x7F, 0xFE, 0x00, 0x00, 0x3F, 0xFF, 0x0F, 0xFF, 0x80, 0x00,
    0x03, 0xFF, 0xE3, 0xFF, 0xF0, 0x00, 0x00, 0x7F, 0xFE, 0x7F, 0xFE, 0x00, 0x00, 0x0F, 0xFF, 0xCF,
    0xFF, 0xC0, 0x00, 0x01, 0xFF, 0xF9, 0xFF, 0xF8, 0x00, 0x00, 0x3F, 0xFF, 0x3F, 0xFE, 0x00, 0x00,
    0x03, 0xFF, 0xE7, 0xFF, 0xC0, 0x00, 0x00, 0x7F, 0xFC, 0xFF, 0xF8, 0x00, 0x00, 0x0F, 0xFF, 0xFF,
    0xFF, 0x00, 0x00, 0x01, 0xFF, 0xFF, 0xFF, 0xE0, 0x00, 0x00, 0x3F, 0xFF, 0xFF, 0xFC, 0x00, 0x00,
    0x07, 0xFF, 0xFF, 0xFF, 0x80, 0x00, 0x00, 0xFF, 0xFF, 0xFF, 0xF0, 0x00, 0x00, 0x1F, 0xFF, 0xFF,
    0xFE, 0x00, 0x00, 0x03, 0xFF, 0xFF, 0xFF, 0xC0, 0x00, 0x00, 0x7F, 0xFF, 0xFF, 0xF8, 0x00, 0x00,
    0x0F, 0xFF, 0xFF, 0xFF, 0x00, 0x00, 0x01, 0xFF, 0xFF, 0xFF, 0xE0, 0x00, 0x00, 0x3F, 0xFF, 0xFF,
    0xFC, 0x00, 0x00, 0x07, 0xFF, 0xFF, 0xFF, 0x80, 0x00, 0x00, 0xFF, 0xFF, 0xFF, 0xF0, 0x00, 0x00,
    0x1F, 0xFF, 0xFF, 0xFE, 0x00, 0x00, 0x03, 0xFF, 0xFF, 0xFF, 0xC0, 0x00, 0x00, 0x7F, 0xFF, 0xFF,
    0xF8, 0x00, 0x00, 0x0F, 0xFF, 0xFF, 0xFF, 0x00, 0x00, 0x01, 0xFF, 0xFB, 0xFF, 0xE0, 0x00, 0x00,
    0x3F, 0xFE, 0x7F, 0xFC, 0x00, 0x00, 0x07, 0xFF, 0xCF, 0xFF, 0xC0, 0x00, 0x01, 0xFF, 0xF9, 0xFF,
    0xF8, 0x00, 0x00, 0x3F, 0xFF, 0x3F, 0xFF, 0x00, 0x00, 0x07, 0xFF, 0xE7, 0xFF, 0xE0, 0x00, 0x00,
    0xFF, 0xFC, 0x7F, 0xFC, 0x00, 0x00, 0x1F, 0xFF, 0x0F, 0xFF, 0xC0, 0x00, 0x07, 0xFF, 0xE1, 0xFF,
    0xF8, 0x00, 0x00, 0xFF, 0xFC, 0x3F, 0xFF, 0x00, 0x00, 0x1F, 0xFF, 0x83, 0xFF, 0xF0, 0x00, 0x07,
    0xFF, 0xE0, 0x7F, 0xFE, 0x00, 0x00, 0xFF, 0xFC, 0x0F, 0xFF, 0xE0, 0x00, 0x3F, 0xFF, 0x80, 0xFF,
    0xFC, 0x00, 0x07, 0xFF, 0xE0, 0x1F, 0xFF, 0xC0, 0x01, 0xFF, 0xFC, 0x01, 0xFF, 0xFC, 0x00, 0x7F,
    0xFF, 0x00, 0x3F, 0xFF, 0xC0, 0x1F, 0xFF, 0xE0, 0x03, 0xFF, 0xFF, 0x1F, 0xFF, 0xF8, 0x00, 0x7F,
    0xFF, 0xFF, 0xFF, 0xFF, 0x00, 0x07, 0xFF, 0xFF, 0xFF, 0xFF, 0xC0, 0x00, 0x7F, 0xFF, 0xFF, 0xFF,
    0xF0, 0x00, 0x0F, 0xFF, 0xFF, 0xFF, 0xFE, 0x00, 0x00, 0xFF, 0xFF, 0xFF, 0xFF, 0x80, 0x00, 0x0F,
    0xFF, 0xFF, 0xFF, 0xE0, 0x00, 0x00, 0xFF, 0xFF, 0xFF, 0xF8, 0x00, 0x00, 0x07, 0xFF, 0xFF, 0xFC,
    0x00, 0x00, 0x00, 0x7F, 0xFF, 0xFF, 0x00, 0x00, 0x00, 0x03, 0xFF, 0xFF, 0x80, 0x00, 0x00, 0x00,
    0x0F, 0xFF, 0x80, 0x00, 0x00, 0x00, 0x00, 0x03, 0xFF, 0x00, 0x00, 0x03, 0xFF, 0x80, 0x00, 0x03,
    0xFF, 0xC0, 0x00, 0x03, 0xFF, 0xE0, 0x00, 0x03, 0xFF, 0xF0, 0x00, 0x03, 0xFF, 0xF8, 0x00, 0x07,
    0xFF, 0xFC, 0x00, 0x07, 0xFF, 0xFE, 0x00, 0x0F, 0xFF, 0xFF, 0x00, 0x0F, 0xFF, 0xFF, 0x80, 0x1F,
    0xFF, 0xFF, 0xC0, 0x3F, 0xFF, 0xFF, 0xE0, 0x7F, 0xFF, 0xFF, 0xF0, 0xFF, 0xFF, 0xFF, 0xF9, 0xFF,
    0xFF, 0xFF, 0xFD, 0xFF, 0xFF, 0xFF, 0xFE, 0x7F, 0xFF, 0xFF, 0xFF, 0x3F, 0xFF, 0xFF, 0xFF, 0x9F,
    0xFF, 0xF7, 0xFF, 0xC7, 0xFF, 0xE3, 0xFF, 0xE3, 0xFF, 0xC1, 0xFF, 0xF0, 0xFF, 0x80, 0xFF, 0xF8,
    0x7F, 0x00, 0x7F, 0xFC, 0x3E, 0x00, 0x3F, 0xFE, 0x08, 0x00, 0x1F, 0xFF, 0x00, 0x00, 0x0F, 0xFF,
    0x80, 0x00, 0x07, 0xFF, 0xC0, 0x00, 0x03, 0xFF, 0xE0, 0x00, 0x01, 0xFF, 0xF0, 0x00, 0x00, 0xFF,
    0xF8, 0x00, 0x00, 0x7F, 0xFC, 0x00, 0x00, 0x3F, 0xFE, 0x00, 0x00, 0x1F, 0xFF, 0x00, 0x00, 0x0F,
    0xFF, 0x80, 0x00, 0x07, 0xFF, 0xC0, 0x00, 0x03, 0xFF, 0xE0, 0x00, 0x01, 0xFF, 0xF0, 0x00, 0x00,
    0xFF, 0xF8, 0x00, 0x00, 0x7F, 0xFC, 0x00, 0x00, 0x3F, 0xFE, 0x00, 0x00, 0x1F, 0xFF, 0x00, 0x00,
    0x0F, 0xFF, 0x80, 0x00, 0x07, 0xFF, 0xC0, 0x00, 0x03, 0xFF, 0xE0, 0x00, 0x01, 0xFF, 0xF0, 0x00,
    0x00, 0xFF, 0xF8, 0x00, 0x00, 0x7F, 0xFC, 0x00, 0x00, 0x3F, 0xFE, 0x00, 0x00, 0x1F, 0xFF, 0x00,
    0x00, 0x0F, 0xFF, 0x80, 0x00, 0x07, 0xFF, 0xC0, 0x00, 0x03, 0xFF, 0xE0, 0x00, 0x01, 0xFF, 0xF0,
    0x00, 0x00, 0xFF, 0xF8, 0x00, 0x00, 0x7F, 0xFC, 0x00, 0x00, 0x3F, 0xFE, 0x00, 0x00, 0x1F, 0xFF,
    0x00, 0x00, 0x0F, 0xFF, 0x80, 0x00, 0x07, 0xFF, 0xC0, 0x00, 0x03, 0xFF, 0xE0, 0x00, 0x01, 0xFF,
    0xF0, 0x00, 0x00, 0xFF, 0xF8, 0x00, 0x00, 0x7F, 0xFC, 0x00, 0x00, 0x3F, 0xFE, 0x00, 0x00, 0x1F,
    0xFF, 0x00, 0x00, 0x0F, 0xFF, 0x80, 0x00, 0x07, 0xFF, 0xC0, 0x00, 0x03, 0xFF, 0xE0, 0x00, 0x01,
    0xFF, 0xF0, 0x00, 0x00, 0xFF, 0xF8, 0x00, 0x00, 0x7F, 0xFC, 0x00, 0x00, 0x3F, 0xFE, 0x00, 0x00,
    0xFF, 0xFF, 0x00, 0x00, 0x00, 0x03, 0xFF, 0xFF, 0xF0, 0x00, 0x00, 0x0F, 0xFF, 0xFF, 0xFE, 0x00,
    0x00, 0x1F, 0xFF, 0xFF, 0xFF, 0xC0, 0x00, 0x3F, 0xFF, 0xFF, 0xFF, 0xF0, 0x00, 0x3F, 0xFF, 0xFF,
    0xFF, 0xFC, 0x00, 0x7F, 0xFF, 0xFF, 0xFF, 0xFF, 0x00, 0x7F, 0xFF, 0xFF, 0xFF, 0xFF, 0xC0, 0x7F,
    0xFF, 0xFF, 0xFF, 0xFF, 0xE0, 0x3F, 0xFF, 0xFF, 0xFF, 0xFF, 0xF8, 0x1F, 0xFF, 0xFF, 0xFF, 0xFF,
    0xFC, 0x07, 0xFF, 0xFF, 0x1F, 0xFF, 0xFF, 0x01, 0xFF, 0xF0, 0x00, 0xFF, 0xFF, 0x80, 0xFF, 0xE0,
    0x00, 0x1F, 0xFF, 0xE0, 0x3F, 0xC0, 0x00, 0x07, 0xFF, 0xF0, 0x0F, 0x80, 0x00, 0x03, 0xFF, 0xF8,
    0x07, 0x80, 0x00, 0x00, 0xFF, 0xFC, 0x01, 0x80, 0x00, 0x00, 0x7F, 0xFE, 0x00, 0x00, 0x00, 0x00,
    0x3F, 0xFF, 0x00, 0x00, 0x00, 0x00, 0x0F, 0xFF, 0x80, 0x00, 0x00, 0x00, 0x07, 0xFF, 0xC0, 0x00,
    0x00, 0x00, 0x03, 0xFF, 0xE0, 0x00, 0x00, 0x00, 0x01, 0xFF, 0xF0, 0x00, 0x00, 0x00, 0x01, 0xFF,
    0xF8, 0x00, 0x00, 0x00, 0x00, 0xFF, 0xFC, 0x00, 0x00, 0x00, 0x00, 0x7F, 0xFE, 0x00, 0x00, 0x00,
    0x00, 0x7F, 0xFE, 0x00, 0x00, 0x00, 0x00, 0x3F, 0xFF, 0x00, 0x00, 0x00, 0x00, 0x3F, 0xFF, 0x80,
    0x00, 0x00, 0x00, 0x3F, 0xFF, 0x80, 0x00, 0x00, 0x00, 0x1F, 0xFF, 0xC0, 0x00, 0x00, 0x00, 0x1F,
    0xFF, 0xC0, 0x00, 0x00, 0x00, 0x1F, 0xFF, 0xC0, 0x00, 0x00, 0x00, 0x1F, 0xFF, 0xE0, 0x00, 0x00,
    0x00, 0x1F, 0xFF, 0xE0, 0x00, 0x00, 0x00, 0x1F, 0xFF, 0xE0, 0x00, 0x00, 0x00, 0x1F, 0xFF, 0xF0,
    0x00, 0x00, 0x00, 0x1F, 0xFF, 0xF0, 0x00, 0x00, 0x00, 0x1F, 0xFF, 0xF0, 0x00, 0x00, 0x00, 0x1F,
    0xFF, 0xF0, 0x00, 0x00, 0x00, 0x1F, 0xFF, 0xF0, 0x00, 0x00, 0x00, 0x1F, 0xFF, 0xF0, 0x00, 0x00,
    0x00, 0x1F, 0xFF, 0xF0, 0x00, 0x00, 0x00, 0x1F, 0xFF, 0xF0, 0x00, 0x00, 0x00, 0x1F, 0xFF, 0xF0,
    0x00, 0x00, 0x00, 0x1F, 0xFF, 0xF0, 0x00, 0x00, 0x00, 0x1F, 0xFF, 0xF0, 0x00, 0x00, 0x00, 0x1F,
    0xFF, 0xF0, 0x00, 0x00, 0x00, 0x1F, 0xFF, 0xF0, 0x00, 0x00, 0x00, 0x1F, 0xFF, 0xF0, 0x00, 0x00,
    0x00, 0x0F, 0xFF, 0xF0, 0x00, 0x00, 0x00, 0x0F, 0xFF, 0xF0, 0x00, 0x00, 0x00, 0x0F, 0xFF, 0xF0,
    0x00, 0x00, 0x00, 0x0F, 0xFF, 0xF0, 0x00, 0x00, 0x00, 0x07, 0xFF, 0xF0, 0x00, 0x00, 0x00, 0x07,
    0xFF, 0xF0, 0x00, 0x00, 0x00, 0x03, 0xFF, 0xF8, 0x00, 0x00, 0x00, 0x03, 0xFF, 0xF8, 0x00, 0x00,
    0x00, 0x01, 0xFF, 0xF8, 0x00, 0x00, 0x00, 0x01, 0xFF, 0xF8, 0x00, 0x00, 0x00, 0x00, 0xFF, 0xFC,
    0x00, 0x00, 0x00, 0x00, 0xFF, 0xFC, 0x00, 0x00, 0x00, 0x00, 0x7F, 0xFE, 0x00, 0x00, 0x00, 0x00,
    0x3F, 0xFF, 0xFF, 0xFF, 0xFF, 0xFF, 0x1F, 0xFF, 0xFF, 0xFF, 0xFF, 0xFF, 0x9F, 0xFF, 0xFF, 0xFF,
    0xFF, 0xFF, 0xCF, 0xFF, 0xFF, 0xFF, 0xFF, 0xFF, 0xE7, 0xFF, 0xFF, 0xFF, 0xFF, 0xFF, 0xF3, 0xFF,
    0xFF, 0xFF, 0xFF, 0xFF, 0xF9, 0xFF, 0xFF, 0xFF, 0xFF, 0xFF, 0xFC, 0xFF, 0xFF, 0xFF, 0xFF, 0xFF,
    0xFE, 0x7F, 0xFF, 0xFF, 0xFF, 0xFF, 0xFF, 0x3F, 0xFF, 0xFF, 0xFF, 0xFF, 0xFF, 0x9F, 0xFF, 0xFF,
    0xFF, 0xFF, 0xFF, 0xC0, 0x00, 0x01, 0xFF, 0xFC, 0x00, 0x00, 0x00, 0x0F, 0xFF, 0xFF, 0xE0, 0x00,
    0x00, 0x3F, 0xFF, 0xFF, 0xFC, 0x00, 0x00, 0x7F, 0xFF, 0xFF, 0xFF, 0x80, 0x00, 0xFF, 0xFF, 0xFF,
    0xFF, 0xE0, 0x01, 0xFF, 0xFF, 0xFF, 0xFF, 0xF8, 0x00, 0xFF, 0xFF, 0xFF, 0xFF, 0xFE, 0x00, 0x3F,
    0xFF, 0xFF, 0xFF, 0xFF, 0x80, 0x1F, 0xFF, 0xFF, 0xFF, 0xFF, 0xE0, 0x0F, 0xFF, 0xFF, 0xFF, 0xFF,
    0xF0, 0x03, 0xFF, 0xFF, 0xFF, 0xFF, 0xFC, 0x01, 0xFF, 0xFC, 0x1F, 0xFF, 0xFE, 0x00, 0x7F, 0xE0,
    0x00, 0xFF, 0xFF, 0x80, 0x3F, 0xC0, 0x00, 0x3F, 0xFF, 0xC0, 0x1F, 0x80, 0x00, 0x0F, 0xFF, 0xE0,
    0x07, 0x80, 0x00, 0x03, 0xFF, 0xF0, 0x03, 0x00, 0x00, 0x00, 0xFF, 0xFC, 0x00, 0x00, 0x00, 0x00,
    0x7F, 0xFE, 0x00, 0x00, 0x00, 0x00, 0x3F, 0xFF, 0x00, 0x00, 0x00, 0x00, 0x1F, 0xFF, 0x80, 0x00,
    0x00, 0x00, 0x0F, 0xFF, 0xC0, 0x00, 0x00, 0x00, 0x07, 0xFF, 0xE0, 0x00, 0x00, 0x00, 0x03, 0xFF,
    0xE0, 0x00, 0x00, 0x00, 0x01, 0xFF, 0xF0, 0x00, 0x00, 0x00, 0x01, 0xFF, 0xF8, 0x00, 0x00, 0x00,
    0x00, 0xFF, 0xFC, 0x00, 0x00, 0x00, 0x00, 0xFF, 0xFC, 0x00, 0x00, 0x00, 0x01, 0xFF, 0xFE, 0x00,
    0x00, 0x00, 0x03, 0xFF, 0xFE, 0x00, 0x00, 0x00, 0x3F, 0xFF, 0xFE, 0x00, 0x00, 0x1F, 0xFF, 0xFF,
    0xFE, 0x00, 0x00, 0x0F, 0xFF, 0xFF, 0xFE, 0x00, 0x00, 0x07, 0xFF, 0xFF, 0xFE, 0x00, 0x00, 0x03,
    0xFF, 0xFF, 0xFE, 0x00, 0x00, 0x01, 0xFF, 0xFF, 0xFE, 0x00, 0x00, 0x00, 0xFF, 0xFF, 0xFF, 0xC0,
    0x00, 0x00, 0x7F, 0xFF, 0xFF, 0xF0, 0x00, 0x00, 0x3F, 0xFF, 0xFF, 0xFE, 0x00, 0x00, 0x1F, 0xFF,
    0xFF, 0xFF, 0x80, 0x00, 0x0F, 0xFF, 0xFF, 0xFF, 0xE0, 0x00, 0x07, 0xFF, 0xFF, 0xFF, 0xF8, 0x00,
    0x00, 0x03, 0xFF, 0xFF, 0xFC, 0x00, 0x00, 0x00, 0x07, 0xFF, 0xFF, 0x00, 0x00, 0x00, 0x00, 0xFF,
    0xFF, 0xC0, 0x00, 0x00, 0x00, 0x1F, 0xFF, 0xE0, 0x00, 0x00, 0x00, 0x07, 0xFF, 0xF8, 0x00, 0x00,
    0x00, 0x01, 0xFF, 0xFC, 0x00, 0x00, 0x00, 0x00, 0x7F, 0xFE, 0x00, 0x00, 0x00, 0x00, 0x3F, 0xFF,
    0x00, 0x00, 0x00, 0x00, 0x0F, 0xFF, 0xC0, 0x00, 0x00, 0x00, 0x07, 0xFF, 0xE0, 0x00, 0x00, 0x00,
    0x03, 0xFF, 0xF0, 0x00, 0x00, 0x00, 0x01, 0xFF, 0xF8, 0x00, 0x00, 0x00, 0x00, 0xFF, 0xFC, 0x00,
    0x00, 0x00, 0x00, 0x7F, 0xFE, 0x00, 0x00, 0x00, 0x00, 0x3F, 0xFF, 0x00, 0x00, 0x00, 0x00, 0x1F,
    0xFF, 0x80, 0x00, 0x00, 0x00, 0x1F, 0xFF, 0xC0, 0x00, 0x00, 0x00, 0x0F, 0xFF, 0xC0, 0x00, 0x00,
    0x00, 0x0F, 0xFF, 0xE0, 0x00, 0x00, 0x00, 0x07, 0xFF, 0xF0, 0xC0, 0x00, 0x00, 0x07, 0xFF, 0xF0,
    0x7C, 0x00, 0x00, 0x0F, 0xFF, 0xF8, 0x3F, 0xC0, 0x00, 0x1F, 0xFF, 0xFC, 0x3F, 0xFF, 0x81, 0xFF,
    0xFF, 0xFC, 0x1F, 0xFF, 0xFF, 0xFF, 0xFF, 0xFE, 0x0F, 0xFF, 0xFF, 0xFF, 0xFF, 0xFE, 0x07, 0xFF,
    0xFF, 0xFF, 0xFF, 0xFE, 0x07, 0xFF, 0xFF, 0xFF, 0xFF, 0xFE, 0x03, 0xFF, 0xFF, 0xFF, 0xFF, 0xFE,
    0x01, 0xFF, 0xFF, 0xFF, 0xFF, 0xFE, 0x00, 0xFF, 0xFF, 0xFF, 0xFF, 0xFE, 0x00, 0x7F, 0xFF, 0xFF,
    0xFF, 0xFC, 0x00, 0x07, 0xFF, 0xFF, 0xFF, 0xF8, 0x00, 0x00, 0x7F, 0xFF, 0xFF, 0xE0, 0x00, 0x00,
    0x01, 0xFF, 0xFF, 0x80, 0x00, 0x00, 0x00, 0x00, 0x00, 0x01, 0xFF, 0xF8, 0x00, 0x00, 0x00, 0x00,
    0x1F, 0xFF, 0xC0, 0x00, 0x00, 0x00, 0x01, 0xFF, 0xFE, 0x00, 0x00, 0x00, 0x00, 0x0F, 0xFF, 0xF0,
    0x00, 0x00, 0x00, 0x00, 0xFF, 0xFF, 0x80, 0x00, 0x00, 0x00, 0x0F, 0xFF, 0xFC, 0x00, 0x00, 0x00,
    0x00, 0xFF, 0xFF, 0xE0, 0x00, 0x00, 0x00, 0x0F, 0xFF, 0xFF, 0x00, 0x00, 0x00, 0x00, 0xFF, 0xFF,
    0xF8, 0x00, 0x00, 0x00, 0x0F, 0xFF, 0xFF, 0xC0, 0x00, 0x00, 0x00, 0x7F, 0xFF, 0xFE, 0x00, 0x00,
    0x00, 0x07, 0xFF, 0xFF, 0xF0, 0x00, 0x00, 0x00, 0x7F, 0xFF, 0xFF, 0x80, 0x00, 0x00, 0x07, 0xFF,
    0xFF, 0xFC, 0x00, 0x00, 0x00, 0x7F, 0xFF, 0xFF, 0xE0, 0x00, 0x00, 0x03, 0xFF, 0xFF, 0xFF, 0x00,
    0x00, 0x00, 0x3F, 0xFF, 0xFF, 0xF8, 0x00, 0x00, 0x03, 0xFF, 0xF7, 0xFF, 0xC0, 0x00, 0x00, 0x1F,
    0xFF, 0x3F, 0xFE, 0x00, 0x00, 0x01, 0xFF, 0xF1, 0xFF, 0xF0, 0x00, 0x00, 0x1F, 0xFF, 0x0F, 0xFF,
    0x80, 0x00, 0x01, 0xFF, 0xF8, 0x7F, 0xFC, 0x00, 0x00, 0x0F, 0xFF, 0x83, 0xFF, 0xE0, 0x00, 0x00,
    0xFF, 0xF8, 0x1F, 0xFF, 0x00, 0x00, 0x0F, 0xFF, 0x80, 0xFF, 0xF8, 0x00, 0x00, 0x7F, 0xFC, 0x07,
    0xFF, 0xC0, 0x00, 0x07, 0xFF, 0xC0, 0x3F, 0xFE, 0x00, 0x00, 0x7F, 0xFC, 0x01, 0xFF, 0xF0, 0x00,
    0x03, 0xFF, 0xC0, 0x0F, 0xFF, 0x80, 0x00, 0x3F, 0xFE, 0x00, 0x7F, 0xFC, 0x00, 0x03, 0xFF, 0xE0,
    0x03, 0xFF, 0xE0, 0x00, 0x1F, 0xFF, 0x00, 0x1F, 0xFF, 0x00, 0x01, 0xFF, 0xF0, 0x00, 0xFF, 0xF8,
    0x00, 0x1F, 0xFF, 0x00, 0x07, 0xFF, 0xC0, 0x00, 0xFF, 0xF8, 0x00, 0x3F, 0xFE, 0x00, 0x0F, 0xFF,
    0x80, 0x01, 0xFF, 0xF0, 0x00, 0x7F, 0xF8, 0x00, 0x0F, 0xFF, 0x80, 0x07, 0xFF, 0xC0, 0x00, 0x7F,
    0xFC, 0x00, 0x3F, 0xFC, 0x00, 0x03, 0xFF, 0xE0, 0x03, 0xFF, 0xE0, 0x00, 0x1F, 0xFF, 0x00, 0x3F,
    0xFE, 0x00, 0x00, 0xFF, 0xF8, 0x01, 0xFF, 0xF0, 0x00, 0x07, 0xFF, 0xC0, 0x1F, 0xFF, 0x00, 0x00,
    0x3F, 0xFE, 0x00, 0xFF, 0xF0, 0x00, 0x01, 0xFF, 0xF0, 0x0F, 0xFF, 0xFF, 0xFF, 0xFF, 0xFF, 0xFF,
    0xFF, 0xFF, 0xFF, 0xFF, 0xFF, 0xFF, 0xFF, 0xFF, 0xFF, 0xFF, 0xFF, 0xFF, 0xFF, 0xFF, 0xFF, 0xFF,
    0xFF, 0xFF, 0xFF, 0xFF, 0xFF, 0xFF, 0xFF, 0xFF, 0xFF, 0xFF, 0xFF, 0xFF, 0xFF, 0xFF, 0xFF, 0xFF,
    0xFF, 0xFF, 0xFF, 0xFF, 0xFF, 0xFF, 0xFF, 0xFF, 0xFF, 0xFF, 0xFF, 0xFF, 0xFF, 0xFF, 0xFF, 0xFF,
    0xFF, 0xFF, 0xFF, 0xFF, 0xFF, 0xFF, 0xFF, 0xFF, 0xFF, 0xFF, 0xFF, 0xFF, 0xFF, 0xFF, 0xFF, 0xFF,
    0xFF, 0xFF, 0xE0, 0x00, 0x00, 0x00, 0x1F, 0xFF, 0x00, 0x00, 0x00, 0x00, 0x00, 0xFF, 0xF8, 0x00,
    0x00, 0x00, 0x00, 0x07, 0xFF, 0xC0, 0x00, 0x00, 0x00, 0x00, 0x3F, 0xFE, 0x00, 0x00, 0x00, 0x00,
    0x01, 0xFF, 0xF0, 0x00, 0x00, 0x00, 0x00, 0x0F, 0xFF, 0x80, 0x00, 0x00, 0x00, 0x00, 0x7F, 0xFC,
    0x00, 0x00, 0x00, 0x00, 0x03, 0xFF, 0xE0, 0x00, 0x00, 0x00, 0x00, 0x1F, 0xFF, 0x00, 0x00, 0x00,
    0x00, 0x00, 0xFF, 0xF8, 0x00, 0x00, 0x00, 0x00, 0x07, 0xFF, 0xC0, 0x00, 0x00, 0x00, 0x00, 0x3F,
    0xFE, 0x00, 0x00, 0x00, 0x00, 0x01, 0xFF, 0xF0, 0x00, 0x00, 0x00, 0x00, 0x0F, 0xFF, 0x80, 0x00,
    0x00, 0x00, 0x00, 0x7F, 0xFC, 0x00, 0x00, 0x00, 0x00, 0x03, 0xFF, 0xE0, 0x00, 0x00, 0x00, 0x00,
    0x1F, 0xFF, 0x00, 0x00, 0xFF, 0xFF, 0xFF, 0xFF, 0xF8, 0x00, 0xFF, 0xFF, 0xFF, 0xFF, 0xF8, 0x00,
    0xFF, 0xFF, 0xFF, 0xFF, 0xF8, 0x00, 0xFF, 0xFF, 0xFF, 0xFF, 0xF8, 0x00, 0xFF, 0xFF, 0xFF, 0xFF,
    0xF8, 0x00, 0xFF, 0xFF, 0xFF, 0xFF, 0xF8, 0x01, 0xFF, 0xFF, 0xFF, 0xFF, 0xF8, 0x01, 0xFF, 0xFF,
    0xFF, 0xFF, 0xF8, 0x01, 0xFF, 0xFF, 0xFF, 0xFF, 0xF8, 0x01, 0xFF, 0xFF, 0xFF, 0xFF, 0xF8, 0x01,
    0xFF, 0xFF, 0xFF, 0xFF, 0xF8, 0x01, 0xFF, 0xE0, 0x00, 0x00, 0x00, 0x01, 0xFF, 0xE0, 0x00, 0x00,
    0x00, 0x01, 0xFF, 0xE0, 0x00, 0x00, 0x00, 0x01, 0xFF, 0xE0, 0x00, 0x00, 0x00, 0x01, 0xFF, 0xE0,
    0x00, 0x00, 0x00, 0x01, 0xFF, 0xE0, 0x00, 0x00, 0x00, 0x01, 0xFF, 0xE0, 0x00, 0x00, 0x00, 0x01,
    0xFF, 0xE0, 0x00, 0x00, 0x00, 0x01, 0xFF, 0xE0, 0x00, 0x00, 0x00, 0x01, 0xFF, 0xE0, 0x00, 0x00,
    0x00, 0x01, 0xFF, 0xE0, 0x00, 0x00, 0x00, 0x03, 0xFF, 0xC0, 0x00, 0x00, 0x00, 0x03, 0xFF, 0xC0,
    0x00, 0x00, 0x00, 0x03, 0xFF, 0xC0, 0x00, 0x00, 0x00, 0x03, 0xFF, 0xC0, 0x00, 0x00, 0x00, 0x03,
    0xFF, 0xC0, 0x00, 0x00, 0x00, 0x03, 0xFF, 0xFF, 0x80, 0x00, 0x00, 0x03, 0xFF, 0xFF, 0xFC, 0x00,
    0x00, 0x03, 0xFF, 0xFF, 0xFF, 0x80, 0x00, 0x03, 0xFF, 0xFF, 0xFF, 0xE0, 0x00, 0x03, 0xFF, 0xFF,
    0xFF, 0xF8, 0x00, 0x03, 0xFF, 0xFF, 0xFF, 0xFE, 0x00, 0x03, 0xFF, 0xFF, 0xFF, 0xFF, 0x00, 0x07,
    0xFF, 0xFF, 0xFF, 0xFF, 0x80, 0x07, 0xFF, 0xFF, 0xFF, 0xFF, 0xC0, 0x07, 0xFF, 0xFF, 0xFF, 0xFF,
    0xE0, 0x07, 0xFF, 0xFF, 0xFF, 0xFF, 0xF0, 0x00, 0x1F, 0xFF, 0xFF, 0xFF, 0xF8, 0x00, 0x00, 0x07,
    0xFF, 0xFF, 0xF8, 0x00, 0x00, 0x00, 0x7F, 0xFF, 0xFC, 0x00, 0x00, 0x00, 0x0F, 0xFF, 0xFC, 0x00,
    0x00, 0x00, 0x07, 0xFF, 0xFE, 0x00, 0x00, 0x00, 0x01, 0xFF, 0xFE, 0x00, 0x00, 0x00, 0x00, 0xFF,
    0xFE, 0x00, 0x00, 0x00, 0x00, 0x7F, 0xFE, 0x00, 0x00, 0x00, 0x00, 0x7F, 0xFF, 0x00, 0x00, 0x00,
    0x00, 0x3F, 0xFF, 0x00, 0x00, 0x00, 0x00, 0x3F, 0xFF, 0x00, 0x00, 0x00, 0x00, 0x3F, 0xFF, 0x00,
    0x00, 0x00, 0x00, 0x3F, 0xFF, 0x00, 0x00, 0x00, 0x00, 0x3F, 0xFF, 0x00, 0x00, 0x00, 0x00, 0x3F,
    0xFF, 0x00, 0x00, 0x00, 0x00, 0x3F, 0xFF, 0x00, 0x00, 0x00, 0x00, 0x3F, 0xFF, 0x00, 0x00, 0x00,
    0x00, 0x3F, 0xFF, 0x00, 0x00, 0x00, 0x00, 0x7F, 0xFE, 0x00, 0x00, 0x00, 0x00, 0x7F, 0xFE, 0x00,
    0x00, 0x00, 0x00, 0xFF, 0xFE, 0x18, 0x00, 0x00, 0x01, 0xFF, 0xFE, 0x1F, 0x00, 0x00, 0x03, 0xFF,
    0xFC, 0x3F, 0xE0, 0x00, 0x1F, 0xFF, 0xFC, 0x3F, 0xFF, 0x03, 0xFF, 0xFF, 0xF8, 0x3F, 0xFF, 0xFF,
    0xFF, 0xFF, 0xF8, 0x3F, 0xFF, 0xFF, 0xFF, 0xFF, 0xF0, 0x3F, 0xFF, 0xFF, 0xFF, 0xFF, 0xE0, 0x7F,
    0xFF, 0xFF, 0xFF, 0xFF, 0xC0, 0x7F, 0xFF, 0xFF, 0xFF, 0xFF, 0x80, 0x7F, 0xFF, 0xFF, 0xFF, 0xFF,
    0x00, 0x7F, 0xFF, 0xFF, 0xFF, 0xFE, 0x00, 0x7F, 0xFF, 0xFF, 0xFF, 0xF8, 0x00, 0x0F, 0xFF, 0xFF,
    0xFF, 0xE0, 0x00, 0x01, 0xFF, 0xFF, 0xFF, 0x80, 0x00, 0x00, 0x0F, 0xFF, 0xF8, 0x00, 0x00, 0x00,
    0x00, 0x00, 0x00, 0x3F, 0xF0, 0x00, 0x00, 0x00, 0x00, 0xFF, 0xFE, 0x00, 0x00, 0x00, 0x03, 0xFF,
    0xFF, 0x80, 0x00, 0x00, 0x03, 0xFF, 0xFF, 0xE0, 0x00, 0x00, 0x07, 0xFF, 0xFF, 0xF8, 0x00, 0x00,
    0x03, 0xFF, 0xFF, 0xFE, 0x00, 0x00, 0x03, 0xFF, 0xFF, 0xFF, 0x80, 0x00, 0x03, 0xFF, 0xFF, 0xFF,
    0xE0, 0x00, 0x01, 0xFF, 0xFF, 0xFF, 0xF8, 0x00, 0x00, 0xFF, 0xFF, 0xFF, 0xFE, 0x00, 0x00, 0x7F,
    0xFF, 0xFF, 0xFF, 0x80, 0x00, 0x3F, 0xFF, 0xFF, 0xFF, 0x80, 0x00, 0x1F, 0xFF, 0xFF, 0xC0, 0x00,
    0x00, 0x0F, 0xFF, 0xFF, 0x80, 0x00, 0x00, 0x07, 0xFF, 0xFF, 0x00, 0x00, 0x00, 0x03, 0xFF, 0xFF,
    0x00, 0x00, 0x00, 0x01, 0xFF, 0xFF, 0x00, 0x00, 0x00, 0x00, 0x7F, 0xFF, 0x80, 0x00, 0x00, 0x00,
    0x3F, 0xFF, 0xC0, 0x00, 0x00, 0x00, 0x0F, 0xFF, 0xE0, 0x00, 0x00, 0x00, 0x07, 0xFF, 0xF0, 0x00,
    0x00, 0x00, 0x01, 0xFF, 0xF8, 0x00, 0x00, 0x00, 0x00, 0xFF, 0xFC, 0x00, 0x00, 0x00, 0x00, 0x3F,
    0xFF, 0x00, 0x00, 0x00, 0x00, 0x1F, 0xFF, 0x80, 0x00, 0x00, 0x00, 0x07, 0xFF, 0xC0, 0x00, 0x00,
    0x00, 0x01, 0xFF, 0xF0, 0x00, 0x00, 0x00, 0x00, 0xFF, 0xFC, 0xFF, 0xFF, 0x00, 0x00, 0x3F, 0xFF,
    0xFF, 0xFF, 0xF8, 0x00, 0x0F, 0xFF, 0xFF, 0xFF, 0xFF, 0x80, 0x07, 0xFF, 0xFF, 0xFF, 0xFF, 0xF8,
    0x01, 0xFF, 0xFF, 0xFF, 0xFF, 0xFF, 0x00, 0x7F, 0xFF, 0xFF, 0xFF, 0xFF, 0xE0, 0x1F, 0xFF, 0xFF,
    0xFF, 0xFF, 0xFC, 0x07, 0xFF, 0xFF, 0xFF, 0xFF, 0xFF, 0x81, 0xFF, 0xFF, 0xFF, 0xFF, 0xFF, 0xF0,
    0xFF, 0xFF, 0xFF, 0xFF, 0xFF, 0xFE, 0x3F, 0xFF, 0xFF, 0xFF, 0xFF, 0xFF, 0x8F, 0xFF, 0xFF, 0xC3,
    0xFF, 0xFF, 0xF3, 0xFF, 0xFC, 0x00, 0x07, 0xFF, 0xFC, 0xFF, 0xFC, 0x00, 0x00, 0x7F, 0xFF, 0x3F,
    0xFF, 0x00, 0x00, 0x0F, 0xFF, 0xEF, 0xFF, 0xC0, 0x00, 0x03, 0xFF, 0xFB, 0xFF, 0xF0, 0x00, 0x00,
    0x7F, 0xFE, 0xFF, 0xFC, 0x00, 0x00, 0x0F, 0xFF, 0xBF, 0xFF, 0x00, 0x00, 0x03, 0xFF, 0xFF, 0xFF,
    0xC0, 0x00, 0x00, 0xFF, 0xFF, 0xFF, 0xF0, 0x00, 0x00, 0x3F, 0xFF, 0xFF, 0xFC, 0x00, 0x00, 0x0F,
    0xFF, 0xFF, 0xFF, 0x00, 0x00, 0x03, 0xFF, 0xFF, 0xFF, 0xC0, 0x00, 0x00, 0x7F, 0xFD, 0xFF, 0xF0,
    0x00, 0x00, 0x3F, 0xFF, 0x7F, 0xFC, 0x00, 0x00, 0x0F, 0xFF, 0xDF, 0xFF, 0x80, 0x00, 0x03, 0xFF,
    0xF7, 0xFF, 0xE0, 0x00, 0x00, 0xFF, 0xF9, 0xFF, 0xF8, 0x00, 0x00, 0x3F, 0xFE, 0x3F, 0xFF, 0x00,
    0x00, 0x1F, 0xFF, 0x8F, 0xFF, 0xC0, 0x00, 0x07, 0xFF, 0xE3, 0xFF, 0xF8, 0x00, 0x03, 0xFF, 0xF0,
    0x7F, 0xFF, 0x00, 0x01, 0xFF, 0xFC, 0x1F, 0xFF, 0xE0, 0x00, 0xFF, 0xFF, 0x03, 0xFF, 0xFC, 0x00,
    0x7F, 0xFF, 0x80, 0xFF, 0xFF, 0xF1, 0xFF, 0xFF, 0xE0, 0x1F, 0xFF, 0xFF, 0xFF, 0xFF, 0xF0, 0x03,
    0xFF, 0xFF, 0xFF, 0xFF, 0xF8, 0x00, 0xFF, 0xFF, 0xFF, 0xFF, 0xFE, 0x00, 0x1F, 0xFF, 0xFF, 0xFF,
    0xFF, 0x00, 0x03, 0xFF, 0xFF, 0xFF, 0xFF, 0x80, 0x00, 0x7F, 0xFF, 0xFF, 0xFF, 0xC0, 0x00, 0x0F,
    0xFF, 0xFF, 0xFF, 0xE0, 0x00, 0x00, 0xFF, 0xFF, 0xFF, 0xE0, 0x00, 0x00, 0x1F, 0xFF, 0xFF, 0xF0,
    0x00, 0x00, 0x01, 0xFF, 0xFF, 0xF0, 0x00, 0x00, 0x00, 0x0F, 0xFF, 0xE0, 0x00, 0x00, 0xFF, 0xFF,
    0xFF, 0xFF, 0xFF, 0xFF, 0xFF, 0xFF, 0xFF, 0xFF, 0xFF, 0xFF, 0xFF, 0xFF, 0xFF, 0xFF, 0xFF, 0xFF,
    0xFF, 0xFF, 0xFF, 0xFF, 0xFF, 0xFF, 0xFF, 0xFF, 0xFF, 0xFF, 0xFF, 0xFF, 0xFF, 0xFF, 0xFF, 0xFF,
    0xFF, 0xFF, 0xFF, 0xFF, 0xFF, 0xFF, 0xFF, 0xFF, 0xFF, 0xFF, 0xFF, 0xFF, 0xFF, 0xFF, 0xFF, 0xFF,
    0xFF, 0xFF, 0xFF, 0xFF, 0xFF, 0xFF, 0xFF, 0xFF, 0xFF, 0xFF, 0xFF, 0xFF, 0xFF, 0xFF, 0xFF, 0xFF,
    0xFF, 0xC0, 0x00, 0x00, 0x00, 0x0F, 0xFF, 0xC0, 0x00, 0x00, 0x00, 0x0F, 0xFF, 0xE0, 0x00, 0x00,
    0x00, 0x0F, 0xFF, 0xE0, 0x00, 0x00, 0x00, 0x07, 0xFF, 0xE0, 0x00, 0x00, 0x00, 0x07, 0xFF, 0xF0,
    0x00, 0x00, 0x00, 0x07, 0xFF, 0xF0, 0x00, 0x00, 0x00, 0x03, 0xFF, 0xF0, 0x00, 0x00, 0x00, 0x03,
    0xFF, 0xF8, 0x00, 0x00, 0x00, 0x01, 0xFF, 0xF8, 0x00, 0x00, 0x00, 0x01, 0xFF, 0xF8, 0x00, 0x00,
    0x00, 0x00, 0xFF, 0xFC, 0x00, 0x00, 0x00, 0x00, 0xFF, 0xFC, 0x00, 0x00, 0x00, 0x00, 0x7F, 0xFE,
    0x00, 0x00, 0x00, 0x00, 0x7F, 0xFE, 0x00, 0x00, 0x00, 0x00, 0x3F, 0xFE, 0x00, 0x00, 0x00, 0x00,
    0x3F, 0xFF, 0x00, 0x00, 0x00, 0x00, 0x1F, 0xFF, 0x00, 0x00, 0x00, 0x00, 0x1F, 0xFF, 0x80, 0x00,
    0x00, 0x00, 0x0F, 0xFF, 0x80, 0x00, 0x00, 0x00, 0x0F, 0xFF, 0xC0, 0x00, 0x00, 0x00, 0x07, 0xFF,
    0xC0, 0x00, 0x00, 0x00, 0x07, 0xFF, 0xE0, 0x00, 0x00, 0x00, 0x03, 0xFF, 0xF0, 0x00, 0x00, 0x00,
    0x03, 0xFF, 0xF0, 0x00, 0x00, 0x00, 0x01, 0xFF, 0xF8, 0x00, 0x00, 0x00, 0x00, 0xFF, 0xF8, 0x00,
    0x00, 0x00, 0x00, 0xFF, 0xFC, 0x00, 0x00, 0x00, 0x00, 0x7F, 0xFC, 0x00, 0x00, 0x00, 0x00, 0x7F,
    0xFE, 0x00, 0x00, 0x00, 0x00, 0x3F, 0xFF, 0x00, 0x00, 0x00, 0x00, 0x1F, 0xFF, 0x00, 0x00, 0x00,
    0x00, 0x1F, 0xFF, 0x80, 0x00, 0x00, 0x00, 0x0F, 0xFF, 0xC0, 0x00, 0x00, 0x00, 0x07, 0xFF, 0xC0,
    0x00, 0x00, 0x00, 0x07, 0xFF, 0xE0, 0x00, 0x00, 0x00, 0x03, 0xFF, 0xF0, 0x00, 0x00, 0x00, 0x01,
    0xFF, 0xF0, 0x00, 0x00, 0x00, 0x01, 0xFF, 0xF8, 0x00, 0x00, 0x00, 0x00, 0xFF, 0xFC, 0x00, 0x00,
    0x00, 0x00, 0x7F, 0xFC, 0x00, 0x00, 0x00, 0x00, 0x3F, 0xFE, 0x00, 0x00, 0x00, 0x00, 0x3F, 0xFF,
    0x00, 0x00, 0x00, 0x00, 0x1F, 0xFF, 0x00, 0x00, 0x00, 0x00, 0x0F, 0xFF, 0x80, 0x00, 0x00, 0x00,
    0x0F, 0xFF, 0xC0, 0x00, 0x00, 0x00, 0x07, 0xFF, 0xE0, 0x00, 0x00, 0x00, 0x03, 0xFF, 0xE0, 0x00,
    0x00, 0x00, 0x01, 0xFF, 0xF0, 0x00, 0x00, 0x00, 0x01, 0xFF, 0xF8, 0x00, 0x00, 0x00, 0x00, 0xFF,
    0xFC, 0x00, 0x00, 0x00, 0x00, 0x7F, 0xFE, 0x00, 0x00, 0x00, 0x00, 0x3F, 0xFE, 0x00, 0x00, 0x00,
    0x00, 0x1F, 0xFF, 0x00, 0x00, 0x00, 0x00, 0x0F, 0xFF, 0x80, 0x00, 0x00, 0x00, 0x0F, 0xFF, 0xC0,
    0x00, 0x00, 0x00, 0x07, 0xFF, 0xE0, 0x00, 0x00, 0x00, 0x03, 0xFF, 0xF0, 0x00, 0x00, 0x00, 0x01,
    0xFF, 0xF8, 0x00, 0x00, 0x00, 0x00, 0xFF, 0xFC, 0x00, 0x00, 0x00, 0x00, 0x7F, 0xFC, 0x00, 0x00,
    0x00, 0x00, 0x3F, 0xFE, 0x00, 0x00, 0x00, 0x00, 0x00, 0x1F, 0xFF, 0x80, 0x00, 0x00, 0x00, 0x1F,
    0xFF, 0xFE, 0x00, 0x00, 0x00, 0x0F, 0xFF, 0xFF, 0xF0, 0x00, 0x00, 0x07, 0xFF, 0xFF, 0xFF, 0x80,
    0x00, 0x03, 0xFF, 0xFF, 0xFF, 0xF8, 0x00, 0x00, 0xFF, 0xFF, 0xFF, 0xFF, 0xC0, 0x00, 0x3F, 0xFF,
    0xFF, 0xFF, 0xFC, 0x00, 0x0F, 0xFF, 0xFF, 0xFF, 0xFF, 0x80, 0x03, 0xFF, 0xFF, 0xFF, 0xFF, 0xF8,
    0x00, 0x7F, 0xFF, 0xFF, 0xFF, 0xFF, 0x80, 0x1F, 0xFF, 0xFF, 0xFF, 0xFF, 0xF0, 0x07, 0xFF, 0xFF,
    0x8F, 0xFF, 0xFF, 0x00, 0xFF, 0xFF, 0x00, 0x1F, 0xFF, 0xE0, 0x1F, 0xFF, 0xC0, 0x01, 0xFF, 0xFE,
    0x07, 0xFF, 0xF0, 0x00, 0x1F, 0xFF, 0xC0, 0xFF, 0xFC, 0x00, 0x01, 0xFF, 0xF8, 0x1F, 0xFF, 0x00,
    0x00, 0x1F, 0xFF, 0x07, 0xFF, 0xE0, 0x00, 0x03, 0xFF, 0xF0, 0xFF, 0xFC, 0x00, 0x00, 0x7F, 0xFE,
    0x1F, 0xFF, 0x00, 0x00, 0x07, 0xFF, 0xC3, 0xFF, 0xE0, 0x00, 0x00, 0xFF, 0xF8, 0x7F, 0xFC, 0x00,
    0x00, 0x1F, 0xFF, 0x0F, 0xFF, 0xC0, 0x00, 0x03, 0xFF, 0xC1, 0xFF, 0xF8, 0x00, 0x00, 0xFF, 0xF8,
    0x3F, 0xFF, 0x00, 0x00, 0x1F, 0xFF, 0x03, 0xFF, 0xF0, 0x00, 0x03, 0xFF, 0xE0, 0x7F, 0xFE, 0x00,
    0x00, 0xFF, 0xF8, 0x0F, 0xFF, 0xE0, 0x00, 0x1F, 0xFF, 0x00, 0xFF, 0xFE, 0x00, 0x07, 0xFF, 0xC0,
    0x1F, 0xFF, 0xE0, 0x01, 0xFF, 0xF8, 0x03, 0xFF, 0xFF, 0x00, 0x7F, 0xFE, 0x00, 0x3F, 0xFF, 0xF8,
    0x1F, 0xFF, 0x80, 0x03, 0xFF, 0xFF, 0xC7, 0xFF, 0xF0, 0x00, 0x3F, 0xFF, 0xFF, 0xFF, 0xFC, 0x00,
    0x03, 0xFF, 0xFF, 0xFF, 0xFF, 0x00, 0x00, 0x3F, 0xFF, 0xFF, 0xFF, 0xC0, 0x00, 0x03, 0xFF, 0xFF,
    0xFF, 0xE0, 0x00, 0x00, 0x3F, 0xFF, 0xFF, 0xFC, 0x00, 0x00, 0x07, 0xFF, 0xFF, 0xFF, 0xE0, 0x00,
    0x03, 0xFF, 0xFF, 0xFF, 0xFE, 0x00, 0x00, 0xFF, 0xFF, 0xFF, 0xFF, 0xF0, 0x00, 0x3F, 0xFF, 0xFF,
    0xFF, 0xFF, 0x00, 0x0F, 0xFF, 0xFF, 0xFF, 0xFF, 0xF0, 0x03, 0xFF, 0xF8, 0x3F, 0xFF, 0xFF, 0x00,
    0xFF, 0xFE, 0x00, 0xFF, 0xFF, 0xE0, 0x1F, 0xFF, 0x80, 0x07, 0xFF, 0xFE, 0x07, 0xFF, 0xE0, 0x00,
    0x3F, 0xFF, 0xC0, 0xFF, 0xF8, 0x00, 0x03, 0xFF, 0xFC, 0x3F, 0xFF, 0x00, 0x00, 0x1F, 0xFF, 0x87,
    0xFF, 0xC0, 0x00, 0x03, 0xFF, 0xF9, 0xFF, 0xF8, 0x00, 0x00, 0x3F, 0xFF, 0x3F, 0xFE, 0x00, 0x00,
    0x03, 0xFF, 0xE7, 0xFF, 0xC0, 0x00, 0x00, 0x7F, 0xFC, 0xFF, 0xF8, 0x00, 0x00, 0x0F, 0xFF, 0x9F,
    0xFF, 0x00, 0x00, 0x01, 0xFF, 0xF3, 0xFF, 0xE0, 0x00, 0x00, 0x3F, 0xFE, 0x7F, 0xFC, 0x00, 0x00,
    0x07, 0xFF, 0xCF, 0xFF, 0x80, 0x00, 0x00, 0xFF, 0xF9, 0xFF, 0xF0, 0x00, 0x00, 0x1F, 0xFF, 0x3F,
    0xFF, 0x00, 0x00, 0x07, 0xFF, 0xE7, 0xFF, 0xF0, 0x00, 0x00, 0xFF, 0xFC, 0xFF, 0xFE, 0x00, 0x00,
    0x3F, 0xFF, 0x8F, 0xFF, 0xF0, 0x00, 0x1F, 0xFF, 0xE1, 0xFF, 0xFF, 0x80, 0x07, 0xFF, 0xFC, 0x1F,
    0xFF, 0xFE, 0x1F, 0xFF, 0xFF, 0x03, 0xFF, 0xFF, 0xFF, 0xFF, 0xFF, 0xE0, 0x3F, 0xFF, 0xFF, 0xFF,
    0xFF, 0xF8, 0x07, 0xFF, 0xFF, 0xFF, 0xFF, 0xFF, 0x00, 0x7F, 0xFF, 0xFF, 0xFF, 0xFF, 0xC0, 0x07,
    0xFF, 0xFF, 0xFF, 0xFF, 0xF0, 0x00, 0x7F, 0xFF, 0xFF, 0xFF, 0xFC, 0x00, 0x07, 0xFF, 0xFF, 0xFF,
    0xFF, 0x00, 0x00, 0x3F, 0xFF, 0xFF, 0xFF, 0x80, 0x00, 0x01, 0xFF, 0xFF, 0xFF, 0xC0, 0x00, 0x00,
    0x0F, 0xFF, 0xFF, 0xE0, 0x00, 0x00, 0x00, 0x3F, 0xFF, 0xE0, 0x00, 0x00, 0x00, 0x00, 0x7F, 0xFF,
    0x00, 0x00, 0x00, 0x00, 0xFF, 0xFF, 0xF8, 0x00, 0x00, 0x00, 0xFF, 0xFF, 0xFF, 0x80, 0x00, 0x00,
    0x7F, 0xFF, 0xFF, 0xF8, 0x00, 0x00, 0x7F, 0xFF, 0xFF, 0xFF, 0x00, 0x00, 0x3F, 0xFF, 0xFF, 0xFF,
    0xE0, 0x00, 0x1F, 0xFF, 0xFF, 0xFF, 0xFC, 0x00, 0x0F, 0xFF, 0xFF, 0xFF, 0xFF, 0x80, 0x07, 0xFF,
    0xFF, 0xFF, 0xFF, 0xF0, 0x03, 0xFF, 0xFF, 0xFF, 0xFF, 0xFE, 0x00, 0xFF, 0xFF, 0xFF, 0xFF, 0xFF,
    0x80, 0x7F, 0xFF, 0xF8, 0xFF, 0xFF, 0xF0, 0x1F, 0xFF, 0xE0, 0x03, 0xFF, 0xFC, 0x0F, 0xFF, 0xF0,
    0x00, 0x7F, 0xFF, 0x83, 0xFF, 0xF8, 0x00, 0x0F, 0xFF, 0xE1, 0xFF, 0xFC, 0x00, 0x01, 0xFF, 0xFC,
    0x7F, 0xFE, 0x00, 0x00, 0x3F, 0xFF, 0x1F, 0xFF, 0x80, 0x00, 0x0F, 0xFF, 0xC7, 0xFF, 0xC0, 0x00,
    0x01, 0xFF, 0xFB, 0xFF, 0xF0, 0x00, 0x00, 0x7F, 0xFE, 0xFF, 0xFC, 0x00, 0x00, 0x1F, 0xFF, 0xBF,
    0xFF, 0x00, 0x00, 0x03, 0xFF, 0xEF, 0xFF, 0xC0, 0x00, 0x00, 0xFF, 0xFB, 0xFF, 0xF0, 0x00, 0x00,
    0x3F, 0xFF, 0xFF, 0xFC, 0x00, 0x00, 0x0F, 0xFF, 0xFF, 0xFF, 0x00, 0x00, 0x03, 0xFF, 0xFF, 0xFF,
    0xC0, 0x00, 0x00, 0xFF, 0xFF, 0xFF, 0xF0, 0x00, 0x00, 0x3F, 0xFF, 0xFF, 0xFC, 0x00, 0x00, 0x0F,
    0xFF, 0xDF, 0xFF, 0x80, 0x00, 0x03, 0xFF, 0xF7, 0xFF, 0xE0, 0x00, 0x00, 0xFF, 0xFD, 0xFF, 0xFC,
    0x00, 0x00, 0x3F, 0xFF, 0x7F, 0xFF, 0x80, 0x00, 0x0F, 0xFF, 0xCF, 0xFF, 0xF8, 0x00, 0x0F, 0xFF,
    0xF3, 0xFF, 0xFF, 0xF0, 0x7F, 0xFF, 0xFC, 0x7F, 0xFF, 0xFF, 0xFF, 0xFF, 0xFF, 0x1F, 0xFF, 0xFF,
    0xFF, 0xFF, 0xFF, 0xC3, 0xFF, 0xFF, 0xFF, 0xFF, 0xFF, 0xF0, 0x7F, 0xFF, 0xFF, 0xFF, 0xFF, 0xFC,
    0x0F, 0xFF, 0xFF, 0xFF, 0xFF, 0xFF, 0x01, 0xFF, 0xFF, 0xFF, 0xFF, 0xFF, 0xC0, 0x3F, 0xFF, 0xFF,
    0xFF, 0xFF, 0xE0, 0x07, 0xFF, 0xFF, 0xFF, 0xFF, 0xF8, 0x00, 0x7F, 0xFF, 0xFF, 0xFF, 0xFE, 0x00,
    0x07, 0xFF, 0xFF, 0xFF, 0xFF, 0x80, 0x00, 0x3F, 0xFF, 0xC7, 0xFF, 0xE0, 0x00, 0x00, 0x00, 0x01,
    0xFF, 0xF0, 0x00, 0x00, 0x00, 0x00, 0xFF, 0xFC, 0x00, 0x00, 0x00, 0x00, 0x3F, 0xFF, 0x00, 0x00,
    0x00, 0x00, 0x1F, 0xFF, 0x80, 0x00, 0x00, 0x00, 0x07, 0xFF, 0xE0, 0x00, 0x00, 0x00, 0x03, 0xFF,
    0xF8, 0x00, 0x00, 0x00, 0x00, 0xFF, 0xFC, 0x00, 0x00, 0x00, 0x00, 0x7F, 0xFF, 0x00, 0x00, 0x00,
    0x00, 0x3F, 0xFF, 0x80, 0x00, 0x00, 0x00, 0x1F, 0xFF, 0xE0, 0x00, 0x00, 0x00, 0x0F, 0xFF, 0xF0,
    0x00, 0x00, 0x00, 0x07, 0xFF, 0xFC, 0x00, 0x00, 0x00, 0x07, 0xFF, 0xFE, 0x00, 0x00, 0x00, 0x07,
    0xFF, 0xFF, 0x00, 0x00, 0x00, 0x07, 0xFF, 0xFF, 0xC0, 0x00, 0x00, 0x1F, 0xFF, 0xFF, 0xE0, 0x00,
    0x07, 0xFF, 0xFF, 0xFF, 0xF0, 0x00, 0x1F, 0xFF, 0xFF, 0xFF, 0xF8, 0x00, 0x07, 0xFF, 0xFF, 0xFF,
    0xFC, 0x00, 0x01, 0xFF, 0xFF, 0xFF, 0xFE, 0x00, 0x00, 0x7F, 0xFF, 0xFF, 0xFE, 0x00, 0x00, 0x1F,
    0xFF, 0xFF, 0xFF, 0x00, 0x00, 0x07, 0xFF, 0xFF, 0xFF, 0x00, 0x00, 0x01, 0xFF, 0xFF, 0xFF, 0x00,
    0x00, 0x00, 0x7F, 0xFF, 0xFF, 0x00, 0x00, 0x00, 0x1F, 0xFF, 0xFE, 0x00, 0x00, 0x00, 0x07, 0xFF,
    0xFC, 0x00, 0x00, 0x00, 0x01, 0xFF, 0xE0, 0x00, 0x00, 0x00, 0x00, 0x07, 0xF8, 0x07, 0xFF, 0x03,
    0xFF, 0xE0, 0xFF, 0xFC, 0x7F, 0xFF, 0x9F, 0xFF, 0xEF, 0xFF, 0xFB, 0xFF, 0xFE, 0xFF, 0xFF, 0xFF,
    0xFF, 0xEF, 0xFF, 0xF9, 0xFF, 0xFE, 0x7F, 0xFF, 0x8F, 0xFF, 0xC3, 0xFF, 0xE0, 0x7F, 0xF0, 0x07,
    0xF8, 0x00, 0x00, 0x00, 0x00, 0x00, 0x00, 0x00, 0x00, 0x00, 0x00, 0x00, 0x00, 0x00, 0x00, 0x00,
    0x00, 0x00, 0x00, 0x00, 0x00, 0x00, 0x00, 0x00, 0x00, 0x00, 0x00, 0x00, 0x00, 0x00, 0x00, 0x00,
    0x00, 0x00, 0x00, 0x00, 0x00, 0x00, 0x00, 0x00, 0x00, 0x00, 0x00, 0x00, 0x00, 0x00, 0x00, 0x00,
    0x00, 0x00, 0x00, 0x1F, 0xE0, 0x1F, 0xFC, 0x0F, 0xFF, 0x83, 0xFF, 0xF1, 0xFF, 0xFE, 0x7F, 0xFF,
    0xBF, 0xFF, 0xEF, 0xFF, 0xFB, 0xFF, 0xFF, 0xFF, 0xFF, 0xBF, 0xFF, 0xE7, 0xFF, 0xF9, 0xFF, 0xFE,
    0x3F, 0xFF, 0x0F, 0xFF, 0x81, 0xFF, 0xC0, 0x1F, 0xE0,
};

static const EpdGlyph calendar_time_lGlyphs[] = {
    { 51, 76, 947, 4, 74, 485, 0 }, // 0
    { 33, 72, 947, 9, 72, 297, 485 }, // 1
    { 49, 74, 947, 4, 74, 454, 782 }, // 2
    { 49, 76, 947, 4, 74, 466, 1236 }, // 3
    { 53, 72, 947, 3, 72, 477, 1702 }, // 4
    { 48, 74, 947, 5, 72, 444, 2179 }, // 5
    { 50, 74, 947, 5, 72, 463, 2623 }, // 6
    { 49, 72, 947, 5, 72, 441, 3086 }, // 7
    { 51, 76, 947, 4, 74, 485, 3527 }, // 8
    { 50, 74, 947, 4, 74, 463, 4012 }, // 9
    { 18, 56, 443, 5, 54, 126, 4475 }, // :
};

static const EpdUnicodeInterval calendar_time_lIntervals[] = {
    { 0x30, 0x3A, 0x0 },
};

static const EpdFontData calendar_time_l = {
    calendar_time_lBitmaps,
    calendar_time_lGlyphs,
    calendar_time_lIntervals,
    1,
    120,
    98,
    -20,
    false,
    nullptr,
    0,
    nullptr,
    nullptr,
    nullptr,
    nullptr,
    nullptr,
    nullptr,
    nullptr,
    nullptr,
    nullptr,
    nullptr,
    nullptr,
    0,
    0,
    0,
    0,
    nullptr,
    0,
};
/**
 * generated by fontconvert.py
 * name: calendar_temp
 * size: 25
 * mode: 1-bit
 * Command used: fontconvert.py calendar_temp 25 ../builtinFonts/source/Ubuntu/Ubuntu-Medium.ttf --characters 0123456789-°
 */
#pragma once
#include "EpdFontData.h"

static const uint8_t calendar_tempBitmaps[1188] = {
    0xFF, 0xFF, 0xFF, 0xFF, 0xFF, 0xFF, 0xFF, 0xFF, 0xFF, 0xE0, 0x00, 0xFF, 0x80, 0x00, 0xFF, 0xF8,
    0x00, 0x7F, 0xFF, 0x00, 0x3F, 0xFF, 0xE0, 0x1F, 0xFF, 0xFC, 0x07, 0xFC, 0xFF, 0x83, 0xFC, 0x1F,
    0xE0, 0xFE, 0x03, 0xFC, 0x7F, 0x80, 0x7F, 0x1F, 0xC0, 0x1F, 0xC7, 0xF0, 0x03, 0xF9, 0xFC, 0x00,
    0xFE, 0xFF, 0x00, 0x3F, 0xBF, 0x80, 0x0F, 0xEF, 0xE0, 0x03, 0xFB, 0xF8, 0x00, 0xFF, 0xFE, 0x00,
    0x3F, 0xFF, 0x80, 0x0F, 0xFF, 0xE0, 0x03, 0xFF, 0xF8, 0x00, 0xFF, 0xFE, 0x00, 0x3F, 0xFF, 0x80,
    0x0F, 0xFF, 0xE0, 0x03, 0xFF, 0xF8, 0x00, 0xFE, 0xFE, 0x00, 0x3F, 0xBF, 0xC0, 0x0F, 0xE7, 0xF0,
    0x03, 0xF9, 0xFC, 0x00, 0xFE, 0x7F, 0x00, 0x7F, 0x1F, 0xE0, 0x1F, 0xC3, 0xF8, 0x0F, 0xF0, 0xFF,
    0x03, 0xF8, 0x1F, 0xF3, 0xFE, 0x07, 0xFF, 0xFF, 0x00, 0xFF, 0xFF, 0x80, 0x1F, 0xFF, 0xC0, 0x03,
    0xFF, 0xE0, 0x00, 0x3F, 0xE0, 0x00, 0x00, 0x1F, 0x80, 0x1F, 0xC0, 0x1F, 0xE0, 0x3F, 0xF0, 0x3F,
    0xF8, 0x7F, 0xFC, 0xFF, 0xFF, 0xFF, 0xFF, 0x7F, 0xFF, 0xBF, 0xDF, 0xCF, 0xCF, 0xE7, 0x07, 0xF0,
    0x03, 0xF8, 0x01, 0xFC, 0x00, 0xFE, 0x00, 0x7F, 0x00, 0x3F, 0x80, 0x1F, 0xC0, 0x0F, 0xE0, 0x07,
    0xF0, 0x03, 0xF8, 0x01, 0xFC, 0x00, 0xFE, 0x00, 0x7F, 0x00, 0x3F, 0x80, 0x1F, 0xC0, 0x0F, 0xE0,
    0x07, 0xF0, 0x03, 0xF8, 0x01, 0xFC, 0x00, 0xFE, 0x00, 0x7F, 0x00, 0x3F, 0x80, 0x1F, 0xC0, 0x0F,
    0xE0, 0x07, 0xF0, 0x01, 0xFF, 0x80, 0x07, 0xFF, 0xF0, 0x0F, 0xFF, 0xFE, 0x0F, 0xFF, 0xFF, 0x0F,
    0xFF, 0xFF, 0xC3, 0xFE, 0x7F, 0xE1, 0xF8, 0x07, 0xF8, 0x78, 0x01, 0xFC, 0x10, 0x00, 0xFE, 0x00,
    0x00, 0x7F, 0x00, 0x00, 0x3F, 0x80, 0x00, 0x1F, 0xC0, 0x00, 0x0F, 0xE0, 0x00, 0x0F, 0xF0, 0x00,
    0x07, 0xF0, 0x00, 0x07, 0xF8, 0x00, 0x07, 0xF8, 0x00, 0x07, 0xFC, 0x00, 0x07, 0xFC, 0x00, 0x07,
    0xFC, 0x00, 0x07, 0xFC, 0x00, 0x07, 0xFC, 0x00, 0x07, 0xFC, 0x00, 0x07, 0xFC, 0x00, 0x07, 0xFC,
    0x00, 0x07, 0xFC, 0x00, 0x03, 0xFC, 0x00, 0x03, 0xFC, 0x00, 0x03, 0xFE, 0x00, 0x01, 0xFE, 0x00,
    0x00, 0xFE, 0x00, 0x00, 0xFF, 0x00, 0x00, 0x7F, 0xFF, 0xFF, 0xBF, 0xFF, 0xFF, 0xDF, 0xFF, 0xFF,
    0xEF, 0xFF, 0xFF, 0xF7, 0xFF, 0xFF, 0xF8, 0x03, 0xFF, 0x80, 0x0F, 0xFF, 0xF0, 0x1F, 0xFF, 0xFC,
    0x0F, 0xFF, 0xFF, 0x07, 0xFF, 0xFF, 0xC1, 0xFE, 0x7F, 0xE0, 0xF0, 0x0F, 0xF0, 0x30, 0x03, 0xFC,
    0x00, 0x00, 0xFE, 0x00, 0x00, 0x7F, 0x00, 0x00, 0x3F, 0x80, 0x00, 0x1F, 0xC0, 0x00, 0x0F, 0xE0,
    0x00, 0x0F, 0xE0, 0x00, 0x0F, 0xF0, 0x00, 0x3F, 0xF0, 0x01, 0xFF, 0xF0, 0x00, 0xFF, 0xF0, 0x00,
    0x7F, 0xFC, 0x00, 0x3F, 0xFF, 0x00, 0x1F, 0xFF, 0xC0, 0x00, 0xFF, 0xF0, 0x00, 0x07, 0xFC, 0x00,
    0x01, 0xFE, 0x00, 0x00, 0x7F, 0x00, 0x00, 0x3F, 0xC0, 0x00, 0x1F, 0xE0, 0x00, 0x0F, 0xF0, 0x00,
    0x07, 0xF8, 0x00, 0x03, 0xF8, 0x00, 0x03, 0xFC, 0xE0, 0x03, 0xFE, 0x7F, 0x0F, 0xFE, 0x3F, 0xFF,
    0xFF, 0x3F, 0xFF, 0xFF, 0x1F, 0xFF, 0xFF, 0x07, 0xFF, 0xFE, 0x00, 0x7F, 0xFC, 0x00, 0x00, 0x00,
    0xFE, 0x00, 0x00, 0x3F, 0xC0, 0x00, 0x0F, 0xF8, 0x00, 0x03, 0xFF, 0x00, 0x00, 0xFF, 0xE0, 0x00,
    0x3F, 0xFC, 0x00, 0x07, 0xFF, 0x80, 0x01, 0xFF, 0xF0, 0x00, 0x7F, 0xFE, 0x00, 0x1F, 0xDF, 0xC0,
    0x03, 0xFB, 0xF8, 0x00, 0xFE, 0x7F, 0x00, 0x3F, 0x8F, 0xE0, 0x07, 0xE1, 0xFC, 0x01, 0xFC, 0x3F,
    0x80, 0x7F, 0x07, 0xF0, 0x0F, 0xC0, 0xFE, 0x03, 0xF8, 0x1F, 0xC0, 0x7E, 0x03, 0xF8, 0x1F, 0xC0,
    0x7F, 0x07, 0xF0, 0x0F, 0xE0, 0xFE, 0x01, 0xFC, 0x3F, 0xFF, 0xFF, 0xFF, 0xFF, 0xFF, 0xFF, 0xFF,
    0xFF, 0xFF, 0xFF, 0xFF, 0xFF, 0xFF, 0xFF, 0xFF, 0xFF, 0x80, 0x00, 0x7F, 0x00, 0x00, 0x0F, 0xE0,
    0x00, 0x01, 0xFC, 0x00, 0x00, 0x3F, 0x80, 0x00, 0x07, 0xF0, 0x00, 0x00, 0xFE, 0x00, 0x00, 0x1F,
    0xC0, 0x00, 0x03, 0xF8, 0x00, 0x00, 0x7F, 0x00, 0x0F, 0xFF, 0xFE, 0x07, 0xFF, 0xFF, 0x03, 0xFF,
    0xFF, 0x81, 0xFF, 0xFF, 0xC0, 0xFF, 0xFF, 0xE0, 0x7E, 0x00, 0x00, 0x3F, 0x00, 0x00, 0x1F, 0x80,
    0x00, 0x0F, 0xC0, 0x00, 0x07, 0xE0, 0x00, 0x03, 0xF0, 0x00, 0x01, 0xF8, 0x00, 0x01, 0xFC, 0x00,
    0x00, 0xFE, 0x00, 0x00, 0x7F, 0xF8, 0x00, 0x3F, 0xFF, 0x80, 0x1F, 0xFF, 0xF0, 0x0F, 0xFF, 0xFC,
    0x07, 0xFF, 0xFF, 0x00, 0x3F, 0xFF, 0xC0, 0x00, 0x7F, 0xE0, 0x00, 0x0F, 0xF8, 0x00, 0x03, 0xFC,
    0x00, 0x00, 0xFE, 0x00, 0x00, 0x7F, 0x80, 0x00, 0x3F, 0xC0, 0x00, 0x0F, 0xE0, 0x00, 0x0F, 0xF0,
    0x00, 0x07, 0xF0, 0x00, 0x07, 0xF8, 0xC0, 0x07, 0xFC, 0xFE, 0x1F, 0xFC, 0x7F, 0xFF, 0xFE, 0x3F,
    0xFF, 0xFE, 0x1F, 0xFF, 0xFE, 0x0F, 0xFF, 0xFC, 0x00, 0xFF, 0xF8, 0x00, 0x00, 0x00, 0xFE, 0x00,
    0x03, 0xFF, 0x80, 0x03, 0xFF, 0xE0, 0x01, 0xFF, 0xF8, 0x01, 0xFF, 0xFE, 0x00, 0xFF, 0xFE, 0x00,
    0x7F, 0xF0, 0x00, 0x1F, 0xF0, 0x00, 0x0F, 0xF0, 0x00, 0x07, 0xF8, 0x00, 0x01, 0xFC, 0x00, 0x00,
    0xFF, 0x00, 0x00, 0x3F, 0x80, 0x00, 0x0F, 0xE0, 0x00, 0x07, 0xFF, 0xFE, 0x01, 0xFF, 0xFF, 0xE0,
    0x7F, 0xFF, 0xFC, 0x1F, 0xFF, 0xFF, 0x8F, 0xFF, 0xFF, 0xF3, 0xFF, 0x8F, 0xFC, 0xFF, 0x00, 0x7F,
    0xBF, 0x80, 0x0F, 0xEF, 0xE0, 0x03, 0xFB, 0xFC, 0x00, 0xFF, 0xFF, 0x00, 0x1F, 0xDF, 0xC0, 0x07,
    0xF7, 0xF0, 0x03, 0xFD, 0xFC, 0x00, 0xFE, 0x7F, 0x80, 0x3F, 0x8F, 0xE0, 0x1F, 0xE3, 0xFC, 0x0F,
    0xF0, 0x7F, 0xCF, 0xFC, 0x1F, 0xFF, 0xFE, 0x03, 0xFF, 0xFF, 0x00, 0x7F, 0xFF, 0x80, 0x0F, 0xFF,
    0xC0, 0x00, 0xFF, 0xC0, 0x00, 0xFF, 0xFF, 0xFF, 0xFF, 0xFF, 0xFF, 0xFF, 0xFF, 0xFF, 0xFF, 0xFF,
    0xFF, 0xFF, 0xFF, 0xFF, 0xF8, 0x00, 0x03, 0xFC, 0x00, 0x03, 0xFC, 0x00, 0x03, 0xFC, 0x00, 0x01,
    0xFC, 0x00, 0x01, 0xFE, 0x00, 0x00, 0xFE, 0x00, 0x00, 0xFF, 0x00, 0x00, 0x7F, 0x00, 0x00, 0x7F,
    0x80, 0x00, 0x3F, 0x80, 0x00, 0x3F, 0xC0, 0x00, 0x1F, 0xC0, 0x00, 0x1F, 0xE0, 0x00, 0x0F, 0xE0,
    0x00, 0x07, 0xF0, 0x00, 0x07, 0xF0, 0x00, 0x03, 0xF8, 0x00, 0x01, 0xFC, 0x00, 0x01, 0xFC, 0x00,
    0x00, 0xFE, 0x00, 0x00, 0x7F, 0x00, 0x00, 0x7F, 0x00, 0x00, 0x3F, 0x80, 0x00, 0x1F, 0xC0, 0x00,
    0x0F, 0xE0, 0x00, 0x0F, 0xF0, 0x00, 0x07, 0xF0, 0x00, 0x03, 0xF8, 0x00, 0x01, 0xFC, 0x00, 0x00,
    0xFE, 0x00, 0x00, 0x7F, 0x00, 0x00, 0x00, 0xFF, 0xC0, 0x00, 0xFF, 0xFC, 0x00, 0x7F, 0xFF, 0x80,
    0x3F, 0xFF, 0xF0, 0x1F, 0xFF, 0xFE, 0x0F, 0xFC, 0xFF, 0x83, 0xF8, 0x0F, 0xF1, 0xFE, 0x01, 0xFC,
    0x7F, 0x00, 0x7F, 0x1F, 0xC0, 0x0F, 0xC7, 0xF0, 0x03, 0xF1, 0xFC, 0x01, 0xFC, 0x7F, 0x80, 0x7F,
    0x1F, 0xE0, 0x1F, 0xC3, 0xFC, 0x0F, 0xE0, 0xFF, 0xC7, 0xF8, 0x1F, 0xFF, 0xFC, 0x03, 0xFF, 0xFE,
    0x00, 0x7F, 0xFF, 0x00, 0x1F, 0xFF, 0xE0, 0x0F, 0xFF, 0xFC, 0x07, 0xFF, 0xFF, 0x83, 0xFC, 0x3F,
    0xF1, 0xFE, 0x03, 0xFE, 0x7F, 0x00, 0x7F, 0xBF, 0x80, 0x0F, 0xEF, 0xE0, 0x03, 0xFB, 0xF8, 0x00,
    0xFE, 0xFE, 0x00, 0x3F, 0xBF, 0x80, 0x0F, 0xE7, 0xF0, 0x03, 0xF9, 0xFE, 0x01, 0xFE, 0x7F, 0xE3,
    0xFF, 0x0F, 0xFF, 0xFF, 0xC1, 0xFF, 0xFF, 0xE0, 0x3F, 0xFF, 0xF0, 0x07, 0xFF, 0xF0, 0x00, 0x7F,
    0xF0, 0x00, 0x01, 0xFF, 0x80, 0x03, 0xFF, 0xF0, 0x03, 0xFF, 0xFE, 0x03, 0xFF, 0xFF, 0x83, 0xFF,
    0xFF, 0xC1, 0xFF, 0x3F, 0xF1, 0xFE, 0x07, 0xF8, 0xFE, 0x01, 0xFE, 0xFF, 0x00, 0x7F, 0x7F, 0x00,
    0x3F, 0xFF, 0x80, 0x0F, 0xFF, 0xC0, 0x07, 0xFF, 0xE0, 0x03, 0xFF, 0xF0, 0x01, 0xFF, 0xF8, 0x00,
    0xFF, 0xFE, 0x00, 0x7F, 0x7F, 0x80, 0x3F, 0xBF, 0xF1, 0xFF, 0xCF, 0xFF, 0xFF, 0xE7, 0xFF, 0xFF,
    0xF1, 0xFF, 0xFF, 0xF8, 0x3F, 0xFF, 0xFC, 0x07, 0xFF, 0xFE, 0x00, 0x00, 0xFE, 0x00, 0x00, 0x7F,
    0x00, 0x00, 0x7F, 0x80, 0x00, 0x3F, 0x80, 0x00, 0x3F, 0xC0, 0x00, 0x3F, 0xC0, 0x00, 0x7F, 0xE0,
    0x00, 0xFF, 0xE0, 0x0F, 0xFF, 0xE0, 0x3F, 0xFF, 0xE0, 0x1F, 0xFF, 0xE0, 0x0F, 0xFF, 0xC0, 0x07,
    0xFF, 0x80, 0x03, 0xFE, 0x00, 0x00, 0x0F, 0xF0, 0x1F, 0xF8, 0x3F, 0xFC, 0x7F, 0xFE, 0xFE, 0x7F,
    0xFC, 0x3F, 0xF8, 0x1F, 0xF8, 0x1F, 0xF8, 0x1F, 0xFC, 0x3F, 0xFE, 0x7F, 0x7F, 0xFE, 0x3F, 0xFC,
    0x1F, 0xF8, 0x0F, 0xF0,
};

static const EpdGlyph calendar_tempGlyphs[] = {
    { 15, 5, 262, 1, 17, 10, 0 }, // -
    { 26, 38, 473, 2, 37, 124, 10 }, // 0
    { 17, 36, 473, 4, 36, 77, 134 }, // 1
    { 25, 37, 473, 2, 37, 116, 211 }, // 2
    { 25, 38, 473, 2, 37, 119, 327 }, // 3
    { 27, 36, 473, 1, 36, 122, 446 }, // 4
    { 25, 37, 473, 2, 36, 116, 568 }, // 5
    { 26, 37, 473, 2, 36, 121, 684 }, // 6
    { 25, 36, 473, 2, 36, 113, 805 }, // 7
    { 26, 38, 473, 2, 37, 124, 918 }, // 8
    { 25, 37, 473, 2, 37, 116, 1042 }, // 9
    { 16, 15, 289, 1, 41, 30, 1158 }, // U+00B0
};

static const EpdUnicodeInterval calendar_tempIntervals[] = {
    { 0x2D, 0x2D, 0x0 },
    { 0x30, 0x39, 0x1 },
    { 0xB0, 0xB0, 0xB },
};

static const EpdFontData calendar_temp = {
    calendar_tempBitmaps,
    calendar_tempGlyphs,
    calendar_tempIntervals,
    3,
    60,
    49,
    -10,
    false,
    nullptr,
    0,
    nullptr,
    nullptr,
    nullptr,
    nullptr,
    nullptr,
    nullptr,
    nullptr,
    nullptr,
    nullptr,
    nullptr,
    nullptr,
    0,
    0,
    0,
    0,
    nullptr,
    0,
};
/**
 * generated by fontconvert.py
 * name: calendar_day
 * size: 17
 * mode: 1-bit
 * Command used: fontconvert.py calendar_day 17 ../builtinFonts/source/Ubuntu/Ubuntu-Regular.ttf --characters 0123456789
 */
#pragma once
#include "EpdFontData.h"

static const uint8_t calendar_dayBitmaps[483] = {
    0x07, 0xF0, 0x07, 0xFE, 0x07, 0xFF, 0x87, 0xE7, 0xC3, 0xC1, 0xF3, 0xE0, 0x79, 0xE0, 0x3E, 0xF0,
    0x0F, 0x78, 0x07, 0xBC, 0x03, 0xFE, 0x01, 0xFF, 0x00, 0xFF, 0x80, 0x7F, 0xC0, 0x3D, 0xE0, 0x1E,
    0xF0, 0x0F, 0x78, 0x07, 0xBC, 0x07, 0xDF, 0x03, 0xC7, 0x83, 0xE3, 0xF3, 0xE0, 0xFF, 0xF0, 0x3F,
    0xF0, 0x0F, 0xE0, 0x03, 0xC1, 0xF1, 0xFD, 0xFF, 0xFF, 0xFE, 0xF6, 0x3C, 0x0F, 0x03, 0xC0, 0xF0,
    0x3C, 0x0F, 0x03, 0xC0, 0xF0, 0x3C, 0x0F, 0x03, 0xC0, 0xF0, 0x3C, 0x0F, 0x03, 0xC0, 0xF0, 0x3C,
    0x0F, 0x0F, 0xF0, 0x1F, 0xFE, 0x1F, 0xFF, 0x8F, 0xCF, 0xC3, 0x01, 0xE0, 0x00, 0xF8, 0x00, 0x7C,
    0x00, 0x3E, 0x00, 0x1E, 0x00, 0x1F, 0x00, 0x0F, 0x00, 0x0F, 0x80, 0x0F, 0x80, 0x0F, 0x80, 0x0F,
    0x80, 0x0F, 0x80, 0x0F, 0x80, 0x0F, 0x80, 0x0F, 0x80, 0x07, 0x80, 0x03, 0x80, 0x03, 0xFF, 0xFD,
    0xFF, 0xFE, 0xFF, 0xFF, 0x1F, 0xF0, 0x3F, 0xFC, 0x1F, 0xFF, 0x07, 0x8F, 0xC2, 0x01, 0xE0, 0x00,
    0xF0, 0x00, 0x78, 0x00, 0x3C, 0x00, 0x3E, 0x00, 0x7E, 0x01, 0xFE, 0x00, 0xFF, 0x00, 0x7F, 0xE0,
    0x07, 0xF0, 0x00, 0x7C, 0x00, 0x1E, 0x00, 0x0F, 0x00, 0x07, 0x80, 0x03, 0xC0, 0x03, 0xE7, 0x87,
    0xF3, 0xFF, 0xF1, 0xFF, 0xF0, 0x7F, 0xE0, 0x00, 0x3E, 0x00, 0x1F, 0x80, 0x07, 0xE0, 0x03, 0xF8,
    0x01, 0xFE, 0x00, 0xFF, 0x80, 0x7D, 0xE0, 0x1E, 0x78, 0x0F, 0x1E, 0x07, 0x87, 0x81, 0xE1, 0xE0,
    0xF0, 0x78, 0x38, 0x1E, 0x1E, 0x07, 0x8F, 0x01, 0xE3, 0xFF, 0xFF, 0xFF, 0xFF, 0xFF, 0xFF, 0xF0,
    0x01, 0xE0, 0x00, 0x78, 0x00, 0x1E, 0x00, 0x07, 0x80, 0x01, 0xE0, 0x00, 0x78, 0x3F, 0xFE, 0x3F,
    0xFE, 0x3F, 0xFE, 0x3C, 0x00, 0x3C, 0x00, 0x3C, 0x00, 0x3C, 0x00, 0x38, 0x00, 0x38, 0x00, 0x3F,
    0xC0, 0x3F, 0xF0, 0x7F, 0xF8, 0x07, 0xFC, 0x00, 0x7E, 0x00, 0x1E, 0x00, 0x1E, 0x00, 0x1F, 0x00,
    0x1E, 0x00, 0x1E, 0x00, 0x3E, 0xF0, 0xFE, 0xFF, 0xFC, 0xFF, 0xF8, 0x7F, 0xE0, 0x00, 0x7E, 0x03,
    0xFE, 0x07, 0xFE, 0x0F, 0xF0, 0x1F, 0x80, 0x3E, 0x00, 0x3C, 0x00, 0x78, 0x00, 0x78, 0x00, 0xFF,
    0xF0, 0xFF, 0xFC, 0xFF, 0xFE, 0xFE, 0x7E, 0xF0, 0x1F, 0xF0, 0x0F, 0xF0, 0x0F, 0xF0, 0x0F, 0xF0,
    0x0F, 0xF8, 0x0F, 0x78, 0x1F, 0x7E, 0x7E, 0x3F, 0xFC, 0x1F, 0xFC, 0x0F, 0xF0, 0xFF, 0xFF, 0xFF,
    0xFF, 0xFF, 0xFF, 0x00, 0x1E, 0x00, 0x3E, 0x00, 0x3C, 0x00, 0x78, 0x00, 0x78, 0x00, 0xF0, 0x01,
    0xF0, 0x01, 0xE0, 0x01, 0xE0, 0x03, 0xC0, 0x03, 0xC0, 0x07, 0xC0, 0x07, 0x80, 0x07, 0x80, 0x07,
    0x80, 0x0F, 0x00, 0x0F, 0x00, 0x0F, 0x00, 0x0F, 0x00, 0x0F, 0x00, 0x1F, 0x00, 0x07, 0xF8, 0x0F,
    0xFE, 0x0F, 0xFF, 0x87, 0xE7, 0xE7, 0xC0, 0xF3, 0xC0, 0x7D, 0xE0, 0x1E, 0xF8, 0x1E, 0x3E, 0x0F,
    0x1F, 0x9F, 0x07, 0xFF, 0x01, 0xFF, 0x01, 0xFF, 0xE1, 0xF3, 0xF9, 0xF0, 0x7C, 0xF0, 0x1F, 0x78,
    0x07, 0xBC, 0x03, 0xDE, 0x01, 0xEF, 0x01, 0xF7, 0xF3, 0xF1, 0xFF, 0xF8, 0x7F, 0xF8, 0x0F, 0xF0,
    0x07, 0xF0, 0x0F, 0xFE, 0x0F, 0xFF, 0x87, 0xCF, 0xC7, 0xC1, 0xF3, 0xC0, 0x79, 0xE0, 0x3F, 0xF0,
    0x0F, 0xF8, 0x07, 0xBC, 0x03, 0xDE, 0x01, 0xEF, 0xC7, 0xF3, 0xFF, 0xF8, 0xFF, 0xFC, 0x3F, 0xFC,
    0x00, 0x1E, 0x00, 0x1F, 0x00, 0x0F, 0x00, 0x0F, 0x80, 0x1F, 0x80, 0xFF, 0x81, 0xFF, 0x80, 0xFF,
    0x80, 0x7E, 0x00,
};

static const EpdGlyph calendar_dayGlyphs[] = {
    { 17, 24, 320, 1, 24, 51, 0 }, // 0
    { 10, 24, 320, 3, 24, 30, 51 }, // 1
    { 17, 24, 320, 1, 24, 51, 81 }, // 2
    { 17, 24, 320, 1, 24, 51, 132 }, // 3
    { 18, 24, 320, 1, 24, 54, 183 }, // 4
    { 16, 24, 320, 2, 24, 48, 237 }, // 5
    { 16, 24, 320, 2, 24, 48, 285 }, // 6
    { 16, 24, 320, 2, 24, 48, 333 }, // 7
    { 17, 24, 320, 1, 24, 51, 381 }, // 8
    { 17, 24, 320, 1, 24, 51, 432 }, // 9
};

static const EpdUnicodeInterval calendar_dayIntervals[] = {
    { 0x30, 0x39, 0x0 },
};

static const EpdFontData calendar_day = {
    calendar_dayBitmaps,
    calendar_dayGlyphs,
    calendar_dayIntervals,
    1,
    41,
    34,
    -7,
    false,
    nullptr,
    0,
    nullptr,
    nullptr,
    nullptr,
    nullptr,
    nullptr,
    nullptr,
    nullptr,
    nullptr,
    nullptr,
    nullptr,
    nullptr,
    0,
    0,
    0,
    0,
    nullptr,
    0,
};
